Index,Best,Best,Best,Best,Best,Best,Best
Beta_Info,Index,Beta,Corr,Stock_Cutoff,Index_Cutoff,Index_Beta_to_SPY,Beta_to_SPY
Stock,,,,,,,
VRTX,IBB,1.0581835351906825,0.9535146260254119,0.06554834181977504,0.021849447273258348,1.1835041880874548,1.2523646456633615
REGN,IBB,0.9399587642701923,0.9534725302259304,0.06554834181977504,0.021849447273258348,1.1835041880874548,1.1124451341432813
BMRN,IBB,1.0101556091217472,0.9506678103854004,0.06554834181977504,0.021849447273258348,1.1835041880874548,1.1955233940156218
AMGN,IBB,0.675654987133108,0.9500415492948788,0.06554834181977504,0.021849447273258348,1.1835041880874548,0.7996405069742087
CELG,IBB,0.9140716114262956,0.9454605311295156,0.06554834181977504,0.021849447273258348,1.1835041880874548,1.0818075803348695
JAZZ,IBB,0.7283813319024175,0.9425449082688165,0.06554834181977504,0.021849447273258348,1.1835041880874548,0.8620423568312295
NBIX,IBB,1.1582995165433503,0.9270846521849571,0.06554834181977504,0.021849447273258348,1.1835041880874548,1.3708523288887293
MNK,IBB,1.1261947372434922,0.9268856643003635,0.06554834181977504,0.021849447273258348,1.1835041880874548,1.3328561881297238
ACAD,IBB,1.4582056836173407,0.9263843385377234,0.07729817672702095,0.021849447273258348,1.1835041880874548,1.725792533654053
ALXN,IBB,0.8763142845720461,0.9232197226107406,0.06554834181977504,0.021849447273258348,1.1835041880874548,1.0371216258718783
IRWD,IBB,0.9568906403194826,0.9200731381794591,0.06554834181977504,0.021849447273258348,1.1835041880874548,1.132484080359794
INSM,IBB,1.3446956117114028,0.9192756978532922,0.07465326735613224,0.021849447273258348,1.1835041880874548,1.5914528881632672
ALKS,IBB,1.0312448011431563,0.9136368237458958,0.06554834181977504,0.021849447273258348,1.1835041880874548,1.22048254109634
SPPI,IBB,1.1918627669698645,0.912517435154622,0.07047882562481535,0.021849447273258348,1.1835041880874548,1.410574576334337
PTLA,IBB,1.2890761238512718,0.910507770094516,0.07179379986275743,0.021849447273258348,1.1835041880874548,1.5256269913415228
UTHR,IBB,0.8541706564248548,0.9076670597913181,0.06554834181977504,0.021849447273258348,1.1835041880874548,1.010914549220226
RVNC,IBB,1.3144950051487203,0.9075603776676224,0.07799016533789685,0.021849447273258348,1.1835041880874548,1.5557103438135509
BIIB,IBB,0.82668071578472,0.906451020694145,0.06554834181977504,0.021849447273258348,1.1835041880874548,0.9783800893423511
SGEN,IBB,1.166736265148352,0.905835760259847,0.06554834181977504,0.021849447273258348,1.1835041880874548,1.3808372561965896
AERI,IBB,1.0437717398870663,0.9013722154858963,0.06910917342412615,0.021849447273258348,1.1835041880874548,1.2353082255636725
HZNP,IBB,1.1281517130259426,0.9007152134024882,0.06735697298659114,0.021849447273258348,1.1835041880874548,1.3351722771642396
CTLT,IBB,0.6688546463060625,0.8997046793982265,0.06554834181977504,0.021849447273258348,1.1835041880874548,0.7915922751249783
LXRX,IBB,1.1353544249297438,0.8989825998455501,0.06710716658981615,0.021849447273258348,1.1835041880874548,1.3436967168679756
ACOR,IBB,1.2143074799179772,0.8989777890376144,0.06771198424262766,0.021849447273258348,1.1835041880874548,1.4371379881088489
XON,IBB,1.2843061710796453,0.8982287149502078,0.08398927445835722,0.021849447273258348,1.1835041880874548,1.5199817322593234
SAGE,IBB,1.29655290634852,0.8973877112445533,0.07943506931392905,0.021849447273258348,1.1835041880874548,1.534475794740435
MGNX,IBB,1.3243291557391874,0.8929048891430607,0.08101506752712644,0.021849447273258348,1.1835041880874548,1.5673491022236514
RGEN,IBB,0.9448017854980539,0.8914050762354763,0.06554834181977504,0.021849447273258348,1.1835041880874548,1.1181768700494519
EBS,IBB,0.8798331744566256,0.890886972832495,0.06554834181977504,0.021849447273258348,1.1835041880874548,1.0412862467876967
ABBV,IBB,0.671540815828664,0.888553530877472,0.06554834181977504,0.021849447273258348,1.1835041880874548,0.79477136800489
ILMN,IBB,0.7792427233715566,0.8865396192339027,0.06554834181977504,0.021849447273258348,1.1835041880874548,0.9222370266469113
SYNH,IBB,0.671565802686884,0.8844408797847846,0.06554834181977504,0.021849447273258348,1.1835041880874548,0.7948009400562406
NKTR,IBB,0.9216484867602328,0.883317242904405,0.0713228437274079,0.021849447273258348,1.1835041880874548,1.0907748440252008
ENDP,IBB,1.1280728581851902,0.8827088173074483,0.08246952209252169,0.021849447273258348,1.1835041880874548,1.3350789521299582
MDCO,IBB,0.883144127522982,0.8814372731315422,0.06554834181977504,0.021849447273258348,1.1835041880874548,1.0452047736082906
GRFS,IBB,0.5823930367884168,0.879889246833124,0.06554834181977504,0.021849447273258348,1.1835041880874548,0.6892645981520624
DVAX,IBB,1.4198261565519652,0.8794002925715991,0.09028135062006913,0.021849447273258348,1.1835041880874548,1.680370202635365
XNCR,IBB,1.1082068630810207,0.8774557868771053,0.06949052970384843,0.021849447273258348,1.1835041880874548,1.3115674637236485
MYL,IBB,0.7981395228235416,0.8765941612744675,0.06554834181977504,0.021849447273258348,1.1835041880874548,0.9446014679397843
EXEL,IBB,1.2447465059854572,0.8760989295745084,0.073336097436368,0.021849447273258348,1.1835041880874548,1.4731627029410148
IOVA,IBB,1.2894483456753956,0.8744529690617235,0.08273741438508869,0.021849447273258348,1.1835041880874548,1.5260675174292708
SRPT,IBB,1.149678612146076,0.8714123572888066,0.0866828990647969,0.021849447273258348,1.1835041880874548,1.3606494524294537
PRAH,IBB,0.6120707897262873,0.869445580152164,0.06554834181977504,0.021849447273258348,1.1835041880874548,0.7243883430470569
ITCI,IBB,1.2875002867080128,0.8643620789504138,0.08147973821148474,0.021849447273258348,1.1835041880874548,1.523761981482732
TECH,IBB,0.5298035373890363,0.8533747794175904,0.06554834181977504,0.021849447273258348,1.1835041880874548,0.6270247053634729
FLXN,IBB,1.2142616192543605,0.8533092079313607,0.08567910363087299,0.021849447273258348,1.1835041880874548,1.4370837118213902
RTRX,IBB,0.8721605186286677,0.8520173538037907,0.06554834181977504,0.021849447273258348,1.1835041880874548,1.032205626481555
GLPG,IBB,0.6657734924054312,0.8519725233494928,0.06554834181977504,0.021849447273258348,1.1835041880874548,0.7879457165794391
ATRA,IBB,1.5168010828863674,0.8482807902552741,0.10628248387765894,0.021849447273258348,1.1835041880874548,1.7951404340916026
MDXG,IBB,0.9494339927984906,0.8467873745045378,0.06825710982714589,0.021849447273258348,1.1835041880874548,1.123659106789608
CTMX,IBB,0.8504122879315968,0.8465637224875382,0.07339783431818755,0.021849447273258348,1.1835041880874548,1.0064665043680794
GBT,IBB,1.1758391966332806,0.8445928853725173,0.10257626612069674,0.021849447273258348,1.1835041880874548,1.3916106137328759
INVA,IBB,0.6612430321687118,0.8411624535814428,0.06554834181977504,0.021849447273258348,1.1835041880874548,0.7825838979153181
VNDA,IBB,0.8103078037436272,0.8393998156855419,0.06554834181977504,0.021849447273258348,1.1835041880874548,0.9590026793705302
AET,IBB,0.3458326739275908,0.8391453344613529,0.06554834181977504,0.021849447273258348,1.1835041880874548,0.40929441797078686
SNY,IBB,0.39055769671587964,0.8390037303427673,0.06554834181977504,0.021849447273258348,1.1835041880874548,0.46222666975303356
EPZM,IBB,1.1255458456701832,0.8375672609467684,0.0926514639012823,0.021849447273258348,1.1835041880874548,1.332088222235098
ZGNX,IBB,1.007267237971417,0.8369821468744257,0.0809952106509387,0.021849447273258348,1.1835041880874548,1.192104994662455
GWPH,IBB,0.7134104794907443,0.8287905097235102,0.06554834181977504,0.021849447273258348,1.1835041880874548,0.8443242903027752
SUPN,IBB,0.9798657620057338,0.8264805089732199,0.06554834181977504,0.021849447273258348,1.1835041880874548,1.1596752330972913
AMPH,IBB,0.8290324767102528,0.821642887884449,0.06554834181977504,0.021849447273258348,1.1835041880874548,0.9811634082470996
MNTA,IBB,0.8652714439758331,0.8200094930161586,0.06898658326551241,0.021849447273258348,1.1835041880874548,1.024052377777878
QURE,IBB,0.9571908694564456,0.8197865736525308,0.09067255883832144,0.021849447273258348,1.1835041880874548,1.1328394028007756
IMMU,IBB,1.0647757913093927,0.8172988858059511,0.0950363736821505,0.021849447273258348,1.1835041880874548,1.2601666083888001
OPK,IBB,0.6924451885605152,0.8155571139825287,0.06554834181977504,0.021849447273258348,1.1835041880874548,0.8195117806823771
CLLS,IBB,0.8141834414469458,0.814249539543551,0.06743718859123786,0.021849447273258348,1.1835041880874548,0.9635895128239174
AZN,IBB,0.39522493699971717,0.814163794261835,0.06554834181977504,0.021849447273258348,1.1835041880874548,0.46775036817576576
SHPG,IBB,0.6706348450349011,0.8138230443130644,0.06554834181977504,0.021849447273258348,1.1835041880874548,0.7936991477761868
QDEL,IBB,0.602611336687569,0.8127367233738508,0.06554834181977504,0.021849447273258348,1.1835041880874548,0.7131930407587173
ENTA,IBB,0.7865785500824624,0.8120114956564612,0.06554834181977504,0.021849447273258348,1.1835041880874548,0.9309190082823521
TXMD,IBB,1.0101374088908475,0.7990389892711675,0.07608714708604128,0.021849447273258348,1.1835041880874548,1.1955018539661277
CORT,IBB,0.8492410391461405,0.7987537326155598,0.0768296002336684,0.021849447273258348,1.1835041880874548,1.0050803265251995
MYGN,IBB,0.7190120546131779,0.7981950386420645,0.06554834181977504,0.021849447273258348,1.1835041880874548,0.8509537779200618
CBM,IBB,0.5795776649391978,0.793255695173613,0.06554834181977504,0.021849447273258348,1.1835041880874548,0.6859325937774883
TEVA,IBB,0.5495962204142182,0.7879138899135747,0.06554834181977504,0.021849447273258348,1.1835041880874548,0.6504494286172632
ICLR,IBB,0.4745297517750875,0.7877528536927787,0.06554834181977504,0.021849447273258348,1.1835041880874548,0.5616079485979164
BEAT,IBB,0.5962934169610759,0.7832199538882765,0.06554834181977504,0.021849447273258348,1.1835041880874548,0.7057157563024122
COLL,IBB,1.158145506186348,0.7820843673150122,0.09524849209854122,0.021849447273258348,1.1835041880874548,1.370670056986208
IPXL,IBB,0.7921915318514919,0.7697696185599952,0.06877017228032976,0.021849447273258348,1.1835041880874548,0.9375619957136571
WMGI,IBB,0.6219502755035026,0.7666457265673645,0.06554834181977504,0.021849447273258348,1.1835041880874548,0.7360807558405417
PAHC,IBB,0.5351763948426451,0.7659210773837861,0.06554834181977504,0.021849447273258348,1.1835041880874548,0.6333835046618158
TARO,IBB,0.4957647733155332,0.7623360153197982,0.06554834181977504,0.021849447273258348,1.1835041880874548,0.5867396855251612
CBPO,IBB,0.5163531128485135,0.7608898714817524,0.06554834181977504,0.021849447273258348,1.1835041880874548,0.6111060715882098
OFIX,IBB,0.46364824832365503,0.757525363600353,0.06554834181977504,0.021849447273258348,1.1835041880874548,0.548729643690458
AXDX,IBB,0.6284770663130718,0.750558664180943,0.07292976111636315,0.021849447273258348,1.1835041880874548,0.7438052400984375
BGNE,IBB,0.6759743918609621,0.7436403206333911,0.07099319551811006,0.021849447273258348,1.1835041880874548,0.800018523807319
AKRX,IBB,0.6610621640599359,0.7421635803118705,0.06554834181977504,0.021849447273258348,1.1835041880874548,0.7823698397510903
RDY,IBB,0.4668057469265494,0.7355560995902826,0.06554834181977504,0.021849447273258348,1.1835041880874548,0.5524665565108637
ITGR,IBB,0.452948974113568,0.7242481255343401,0.06554834181977504,0.021849447273258348,1.1835041880874548,0.5360670078533238
AVXS,IBB,0.6528417733287414,0.7238083003863658,0.07964874723181073,0.021849447273258348,1.1835041880874548,0.7726409728930063
ASND,IBB,0.5009961724795995,0.7063428598649766,0.06554834181977504,0.021849447273258348,1.1835041880874548,0.5929310683453909
DBVT,IBB,0.4879372499124689,0.6897908470581343,0.06554834181977504,0.021849447273258348,1.1835041880874548,0.577475778795282
ENSG,IBB,0.4460579684681245,0.6874765481519216,0.06554834181977504,0.021849447273258348,1.1835041880874548,0.5279114738118073
MYOK,IBB,0.6577812111729446,0.6606769820914629,0.08016622276798983,0.021849447273258348,1.1835041880874548,0.7784868182684185
AMED,IBB,0.48851554172384354,0.6554266795852104,0.06554834181977504,0.021849447273258348,1.1835041880874548,0.5781601895759806
USNA,IBB,0.26834522674212824,0.6288585836300195,0.06554834181977504,0.021849447273258348,1.1835041880874548,0.31758769970258643
TRHC,IBB,0.33074991666563497,0.44344939250080395,0.06925016326647777,0.021849447273258348,1.1835041880874548,0.3914439115833557
KANG,IBB,0.11645341350962461,0.25074212904952875,0.06554834181977504,0.021849447273258348,1.1835041880874548,0.13782310260572092
IDXX,QQQ,0.9976858138708435,0.9252887638489922,0.03791582558518835,0.012638608528396116,1.0,0.9976858138708435
ALGN,QQQ,1.0961671833431603,0.9159861229048935,0.03791582558518835,0.012638608528396116,1.0,1.0961671833431603
COO,QQQ,0.6635111297108589,0.8560961624098592,0.03791582558518835,0.012638608528396116,1.0,0.6635111297108589
ABMD,QQQ,0.8734273438511351,0.8469811101476729,0.038997817321856997,0.012638608528396116,1.0,0.8734273438511351
CERN,QQQ,0.7471322941260257,0.841697131621505,0.03791582558518835,0.012638608528396116,1.0,0.7471322941260257
ATHN,QQQ,0.835529714823399,0.8348913073555425,0.04099110494264816,0.012638608528396116,1.0,0.835529714823399
MASI,QQQ,0.7299595390321637,0.8254910055006711,0.03791582558518835,0.012638608528396116,1.0,0.7299595390321637
HAE,QQQ,0.5652998154529989,0.8162200021003526,0.03791582558518835,0.012638608528396116,1.0,0.5652998154529989
EXAS,QQQ,1.4832327953273428,0.8087977962762515,0.07953074762259127,0.012638608528396116,1.0,1.4832327953273428
WST,QQQ,0.6809323788831525,0.802200309544555,0.03791582558518835,0.012638608528396116,1.0,0.6809323788831525
XENT,QQQ,0.7743616456994677,0.7994011815197065,0.05894549460740426,0.012638608528396116,1.0,0.7743616456994677
TDOC,QQQ,1.128280697785191,0.7809621975629899,0.0740319558647167,0.012638608528396116,1.0,1.128280697785191
MDRX,QQQ,0.6581972863228579,0.7457913939215246,0.03818810287384758,0.012638608528396116,1.0,0.6581972863228579
PEN,QQQ,0.8969537911002856,0.7248224856873965,0.05074040908048758,0.012638608528396116,1.0,0.8969537911002856
HYH,QQQ,0.6286833162209416,0.7230199894110102,0.039059330620967725,0.012638608528396116,1.0,0.6286833162209416
IRTC,QQQ,0.6036178619979414,0.7027054270298215,0.04712679178725687,0.012638608528396116,1.0,0.6036178619979414
MZOR,QQQ,0.9674087535753055,0.6611947978196991,0.06958725029700862,0.012638608528396116,1.0,0.9674087535753055
NUVA,QQQ,0.5026628656604328,0.6371575401010582,0.03791582558518835,0.012638608528396116,1.0,0.5026628656604328
HQY,QQQ,0.6638705737212078,0.608222345138393,0.051732024534230675,0.012638608528396116,1.0,0.6638705737212078
CO,QQQ,0.44392701557738895,0.46813905886829416,0.047850894972449765,0.012638608528396116,1.0,0.44392701557738895
SYK,SPY,0.9593561138397371,0.9241183920501446,0.02890702794025073,0.009635675980083577,1.0,0.9593561138397371
BAX,SPY,0.9071272500523367,0.9212240287356632,0.02890702794025073,0.009635675980083577,1.0,0.9071272500523367
STE,SPY,0.7419883734639536,0.9189710071976946,0.02890702794025073,0.009635675980083577,1.0,0.7419883734639536
ABT,SPY,0.9005831520813963,0.9177449819511799,0.02890702794025073,0.009635675980083577,1.0,0.9005831520813963
ZTS,SPY,0.9197707416498916,0.9078311855864164,0.02890702794025073,0.009635675980083577,1.0,0.9197707416498916
RMD,SPY,0.8910564500161131,0.9074925552695289,0.02890702794025073,0.009635675980083577,1.0,0.8910564500161131
NVS,SPY,0.7129139472249313,0.9024751644524021,0.02890702794025073,0.009635675980083577,1.0,0.7129139472249313
LH,SPY,0.7478989944353638,0.9007632191861061,0.02890702794025073,0.009635675980083577,1.0,0.7478989944353638
EW,SPY,0.9136921767184393,0.8971154772909573,0.032673051976013556,0.009635675980083577,1.0,0.9136921767184393
IART,SPY,0.9106893460814233,0.8912192871243487,0.02991701890385996,0.009635675980083577,1.0,0.9106893460814233
ZBH,SPY,0.8075489781028686,0.8899109641442718,0.02890702794025073,0.009635675980083577,1.0,0.8075489781028686
ISRG,SPY,0.9595369726259516,0.8888126174152047,0.02890702794025073,0.009635675980083577,1.0,0.9595369726259516
TFX,SPY,0.923327111167953,0.8875011479263675,0.02890702794025073,0.009635675980083577,1.0,0.923327111167953
BDX,SPY,0.8510491682874903,0.8852941497032079,0.02890702794025073,0.009635675980083577,1.0,0.8510491682874903
BSX,SPY,1.047310331740874,0.877994353250466,0.02890702794025073,0.009635675980083577,1.0,1.047310331740874
TMO,SPY,0.9060221390953312,0.876454703848542,0.02890702794025073,0.009635675980083577,1.0,0.9060221390953312
VAR,SPY,0.8753287071519839,0.8763977679179759,0.02890702794025073,0.009635675980083577,1.0,0.8753287071519839
GMED,SPY,0.8855235875267937,0.8744431607457408,0.03467796777543994,0.009635675980083577,1.0,0.8855235875267937
ABAX,SPY,1.0986083099844135,0.8727813904976227,0.0381544737855971,0.009635675980083577,1.0,1.0986083099844135
BIO,SPY,0.7674925234320844,0.8644991002059321,0.02890702794025073,0.009635675980083577,1.0,0.7674925234320844
ICUI,SPY,0.8612990004268168,0.8607242038467189,0.030810389171506917,0.009635675980083577,1.0,0.8612990004268168
INGN,SPY,0.9745451128263565,0.8566865328357789,0.041863986899055995,0.009635675980083577,1.0,0.9745451128263565
CMD,SPY,0.9930029599598814,0.854241398409579,0.03645180816049927,0.009635675980083577,1.0,0.9930029599598814
OSUR,SPY,1.1338233452034934,0.8408801235650191,0.04836363313308426,0.009635675980083577,1.0,1.1338233452034934
MDT,SPY,0.7664592546207564,0.833631576042616,0.02890702794025073,0.009635675980083577,1.0,0.7664592546207564
CNMD,SPY,0.7047910679321612,0.8322469634954152,0.032404210005970754,0.009635675980083577,1.0,0.7047910679321612
VREX,SPY,0.8362685717235664,0.8203113019230565,0.036527519455340905,0.009635675980083577,1.0,0.8362685717235664
ANTM,SPY,0.8049946224129619,0.8201374339525718,0.03162468357632352,0.009635675980083577,1.0,0.8049946224129619
NEOG,SPY,0.7302287602074272,0.8158902353930348,0.03432770165644757,0.009635675980083577,1.0,0.7302287602074272
EHC,SPY,0.661553934498114,0.8155404984768917,0.030365172975224376,0.009635675980083577,1.0,0.661553934498114
HOLX,SPY,0.7357651107213125,0.8141304099856339,0.02890702794025073,0.009635675980083577,1.0,0.7357651107213125
CRY,SPY,1.0447472941638374,0.8115443206119696,0.04252029075439571,0.009635675980083577,1.0,1.0447472941638374
LOXO,SPY,1.6001032838234124,0.8106086622444971,0.07524081554090378,0.009635675980083577,1.0,1.6001032838234124
MMSI,SPY,0.8158044831465872,0.8100109934818487,0.03934906909104225,0.009635675980083577,1.0,0.8158044831465872
MOH,SPY,0.8312070081439513,0.8091624208669311,0.04094834862965633,0.009635675980083577,1.0,0.8312070081439513
HSIC,SPY,0.7350595108557869,0.8058028006109845,0.02890702794025073,0.009635675980083577,1.0,0.7350595108557869
PODD,SPY,0.962519990563384,0.8041361932539254,0.04636183533559245,0.009635675980083577,1.0,0.962519990563384
KTWO,SPY,1.039700556057539,0.801025313648852,0.05338756164035892,0.009635675980083577,1.0,1.039700556057539
LPNT,SPY,0.6913471724783239,0.8005972304451261,0.03926641250822587,0.009635675980083577,1.0,0.6913471724783239
HRC,SPY,0.6558125501235603,0.7986216552704204,0.02890702794025073,0.009635675980083577,1.0,0.6558125501235603
HCA,SPY,0.6731149168920283,0.7960943378037709,0.03097727926166536,0.009635675980083577,1.0,0.6731149168920283
LMNX,SPY,0.6841700079197215,0.7945759739123219,0.034488599745723714,0.009635675980083577,1.0,0.6841700079197215
PINC,SPY,0.5241908192422077,0.7850133982944985,0.02942966885365733,0.009635675980083577,1.0,0.5241908192422077
SNN,SPY,0.5860830038451234,0.7786801789977382,0.02890702794025073,0.009635675980083577,1.0,0.5860830038451234
FMS,SPY,0.5635535872671215,0.7652676847049069,0.02890702794025073,0.009635675980083577,1.0,0.5635535872671215
MD,SPY,0.692599431447376,0.7639620778036679,0.03359232361497127,0.009635675980083577,1.0,0.692599431447376
BABY,SPY,0.8526728441587971,0.7589202472505333,0.04251527303840013,0.009635675980083577,1.0,0.8526728441587971
HUM,SPY,0.45777308707800357,0.7527269928005714,0.02999956639044036,0.009635675980083577,1.0,0.45777308707800357
HMSY,SPY,0.8236045330373645,0.7504701248816948,0.04096068210176804,0.009635675980083577,1.0,0.8236045330373645
DVA,SPY,0.6338886233325797,0.7392270660566115,0.029256288851639424,0.009635675980083577,1.0,0.6338886233325797
AMN,SPY,0.7705662503472205,0.7384441359425268,0.04742827104922765,0.009635675980083577,1.0,0.7705662503472205
TVTY,SPY,0.6407319706870075,0.7296830998708401,0.043490569847924584,0.009635675980083577,1.0,0.6407319706870075
QSII,SPY,0.6028102191778563,0.728186168286836,0.038494992596832936,0.009635675980083577,1.0,0.6028102191778563
ACHC,SPY,0.7148169585116836,0.7271714203850965,0.048682921236473706,0.009635675980083577,1.0,0.7148169585116836
AXGN,SPY,0.9580419551786762,0.7078940701621655,0.053823811824896275,0.009635675980083577,1.0,0.9580419551786762
OMI,SPY,0.6827784812733491,0.6991000206875237,0.032653753315262206,0.009635675980083577,1.0,0.6827784812733491
SEM,SPY,0.7338215584190164,0.6704870645418353,0.050481583232194226,0.009635675980083577,1.0,0.7338215584190164
LMAT,SPY,0.6993917802273731,0.6631734402292156,0.04907972177679319,0.009635675980083577,1.0,0.6993917802273731
SGRY,SPY,1.0336504777353026,0.6441058894492009,0.07449576475506928,0.009635675980083577,1.0,1.0336504777353026
NHC,SPY,0.46651692943431616,0.628251867416485,0.02890702794025073,0.009635675980083577,1.0,0.46651692943431616
LIVN,SPY,0.5122288262871595,0.6254719232116965,0.03168632680107637,0.009635675980083577,1.0,0.5122288262871595
BLUE,XBI,1.5178848410219807,0.9503054996322533,0.09508882818607757,0.029054237107065343,1.3331779348731474,2.02361057772894
RARE,XBI,1.319469769693074,0.9383370111105359,0.08716271132119603,0.029054237107065343,1.3331779348731474,1.7590879826869597
AGIO,XBI,1.3217655191547144,0.9292619330427772,0.08716271132119603,0.029054237107065343,1.3331779348731474,1.7621486252132157
IONS,XBI,1.0933116642769658,0.9250626399658631,0.08716271132119603,0.029054237107065343,1.3331779348731474,1.4575789867534892
LGND,XBI,0.6908819713668269,0.9214530554432894,0.08716271132119603,0.029054237107065343,1.3331779348731474,0.9210685998279153
ALNY,XBI,1.178846755890965,0.9168902677498483,0.08716271132119603,0.029054237107065343,1.3331779348731474,1.571612483550626
ONCE,XBI,1.1799178840884017,0.9152114897632021,0.08932515187924274,0.029054237107065343,1.3331779348731474,1.573040488028869
HALO,XBI,1.2325406556960943,0.9144614861330825,0.08716271132119603,0.029054237107065343,1.3331779348731474,1.6431960060081139
SGMO,XBI,1.5460102571421255,0.9121281093625512,0.10460937589276027,0.029054237107065343,1.3331779348731474,2.0611067619094423
FGEN,XBI,1.130363987192396,0.9087878073336774,0.08716271132119603,0.029054237107065343,1.3331779348731474,1.5069763261001354
TBPH,XBI,0.8786625226800886,0.9079822699226419,0.08716271132119603,0.029054237107065343,1.3331779348731474,1.1714134874370705
FOLD,XBI,1.2078564953454498,0.8954580864028424,0.08891921391345706,0.029054237107065343,1.3331779348731474,1.610287628087764
XLRN,XBI,1.1249988109501545,0.8915087129074377,0.08716271132119603,0.029054237107065343,1.3331779348731474,1.4998235915172733
ALDR,XBI,1.2916305762002516,0.8911220799160063,0.09059617756567598,0.029054237107065343,1.3331779348731474,1.7219733841976648
ARRY,XBI,1.0314171846580238,0.8884334143982674,0.08716271132119603,0.029054237107065343,1.3331779348731474,1.3750626322350599
GHDX,XBI,0.5881195304021382,0.8870640699613038,0.08716271132119603,0.029054237107065343,1.3331779348731474,0.7840679810000878
TSRO,XBI,0.8232134046076708,0.8819259556930378,0.08716271132119603,0.029054237107065343,1.3331779348731474,1.0974899467147472
CRL,XBI,0.4656002005037678,0.879323502810781,0.08716271132119603,0.029054237107065343,1.3331779348731474,0.6207279137841365
IMGN,XBI,1.0000015464876744,0.8725776631832776,0.09987715745503797,0.029054237107065343,1.3331779348731474,1.3331799966163913
PBYI,XBI,1.2267823496392685,0.8707747160659566,0.09727558575023906,0.029054237107065343,1.3331779348731474,1.6355191594309073
PCRX,XBI,0.982481020213034,0.8656962893126815,0.08716271132119603,0.029054237107065343,1.3331779348731474,1.3098220175796755
ADMS,XBI,0.9216273002850514,0.8597387980543539,0.08716271132119603,0.029054237107065343,1.3331779348731474,1.228693180916739
BPMC,XBI,0.9542298750917813,0.8565644606793117,0.08716271132119603,0.029054237107065343,1.3331779348731474,1.2721582142691223
RDUS,XBI,0.9364252687650987,0.8559289660458916,0.08716271132119603,0.029054237107065343,1.3331779348731474,1.2484215059752863
INCY,XBI,0.7699066028853543,0.8523234174109737,0.08716271132119603,0.029054237107065343,1.3331779348731474,1.026422494879897
NTLA,XBI,1.2228955322333552,0.8487721403876873,0.1017367352845493,0.029054237107065343,1.3331779348731474,1.6303373402284629
PTCT,XBI,0.8672547421232324,0.8482265975276408,0.09850825787379555,0.029054237107065343,1.3331779348731474,1.156204886112795
LJPC,XBI,1.046844077834866,0.8407084000486982,0.0874134326462842,0.029054237107065343,1.3331779348731474,1.395629425822071
CLVS,XBI,0.9611093990619974,0.8350728373253288,0.08904181961981122,0.029054237107065343,1.3331779348731474,1.2813298438286453
ESPR,XBI,0.9966703790826683,0.8320302096497969,0.09668564797384373,0.029054237107065343,1.3331779348731474,1.3287389577346687
HRTX,XBI,0.9482801385665852,0.8270350491649802,0.08716271132119603,0.029054237107065343,1.3331779348731474,1.264226156815422
NVCR,XBI,0.8900472795235295,0.8201335058681807,0.08740691197822151,0.029054237107065343,1.3331779348731474,1.186591394054642
ADAP,XBI,0.7192553104353414,0.8193387091600279,0.09276568241853295,0.029054237107065343,1.3331779348731474,0.958895309412733
ARNA,XBI,0.8625433732773868,0.7999297903941132,0.08716271132119603,0.029054237107065343,1.3331779348731474,1.1499237931244648
EDIT,XBI,0.9587886410799215,0.7941267805772342,0.10509664605914874,0.029054237107065343,1.3331779348731474,1.278235860494761
EGRX,XBI,0.8425885633415338,0.7799700609708459,0.08716271132119603,0.029054237107065343,1.3331779348731474,1.123320480823398
GLYC,XBI,0.8312562497796946,0.7506101481935789,0.08716271132119603,0.029054237107065343,1.3331779348731474,1.1082124904316903
TGTX,XBI,0.7800824127940467,0.7081682242278837,0.09651653313637448,0.029054237107065343,1.3331779348731474,1.0399886601196293
MRTX,XBI,0.8027238514630923,0.7027373574600893,0.09686663262377698,0.029054237107065343,1.3331779348731474,1.0701737265669846
CRSP,XBI,0.5392508932885635,0.6700038545493345,0.09322928512131907,0.029054237107065343,1.3331779348731474,0.718917392292947
ANAB,XBI,0.5169376487204062,0.6582929812822087,0.08716271132119603,0.029054237107065343,1.3331779348731474,0.6891698669792515
THC,XBI,0.6048799644566539,0.6556764840358607,0.08716271132119603,0.029054237107065343,1.3331779348731474,0.8064126218604647
ABEO,XBI,0.6921830115300452,0.6348972514846948,0.11082046185194952,0.029054237107065343,1.3331779348731474,0.9228031178659017
KND,XBI,0.4026658406165251,0.6343497770415366,0.08716271132119603,0.029054237107065343,1.3331779348731474,0.5368252138370988
EVHC,XBI,0.35310418642360086,0.6142244888283545,0.08716271132119603,0.029054237107065343,1.3331779348731474,0.47075071005127905
BKD,XBI,0.3772746482446956,0.6025265310744031,0.08716271132119603,0.029054237107065343,1.3331779348731474,0.5029742364268563
ASMB,XBI,0.3441876294736216,0.5556118024450291,0.08716271132119603,0.029054237107065343,1.3331779348731474,0.45886335307052684
LLY,XLV,0.8735223994792213,0.9266779347905257,0.035381674096307644,0.01179389136543588,0.9171614735325231,0.8011610910700279
GILD,XLV,0.975786028575406,0.9189684209349341,0.035381674096307644,0.01179389136543588,0.9171614735325231,0.894953351820668
PFE,XLV,0.833675711511423,0.9127805178430553,0.035381674096307644,0.01179389136543588,0.9171614735325231,0.7646152440180913
MRK,XLV,0.7705515167766445,0.9061101033256592,0.035381674096307644,0.01179389136543588,0.9171614735325231,0.706720164559588
DGX,XLV,0.7346642667591189,0.8914584838368391,0.035381674096307644,0.01179389136543588,0.9171614735325231,0.673805761452484
CAH,XLV,1.0140299567773925,0.8863916540979521,0.035381674096307644,0.01179389136543588,0.9171614735325231,0.930029209364074
PRGO,XLV,0.9270144755375926,0.8849580567198279,0.04067062471753124,0.01179389136543588,0.9171614735325231,0.8502219623700376
QGEN,XLV,0.9079703135051537,0.878549981215984,0.035381674096307644,0.01179389136543588,0.9171614735325231,0.8327553906581737
ESRX,XLV,0.8115509390516695,0.8779021849686425,0.035381674096307644,0.01179389136543588,0.9171614735325231,0.7443232551073321
JNJ,XLV,0.8236301585101555,0.8715591163120203,0.035381674096307644,0.01179389136543588,0.9171614735325231,0.7554018498249998
BMY,XLV,0.886334079673599,0.8653115632471301,0.035381674096307644,0.01179389136543588,0.9171614735325231,0.8129114705555308
CHE,XLV,0.7958382393730788,0.8627541183401202,0.035381674096307644,0.01179389136543588,0.9171614735325231,0.7299121723169418
MDSO,XLV,1.0822857494883429,0.8613513644014325,0.045157919717684555,0.01179389136543588,0.9171614735325231,0.9926307927839797
AGN,XLV,1.0489686369725668,0.8578223478883524,0.03818490158325645,0.01179389136543588,0.9171614735325231,0.9620736207751617
MCK,XLV,0.8265299517551303,0.848123816524347,0.035381674096307644,0.01179389136543588,0.9171614735325231,0.7580614284705005
XRAY,XLV,0.6844496615218421,0.8420962992256373,0.035381674096307644,0.01179389136543588,0.9171614735325231,0.6277508601202093
CNC,XLV,0.9190836611254144,0.838696369295337,0.04281885195370849,0.01179389136543588,0.9171614735325231,0.8429481249374512
NVO,XLV,0.7472431478043075,0.8305619189331024,0.035381674096307644,0.01179389136543588,0.9171614735325231,0.6853426265272796
OMCL,XLV,0.851409650057436,0.8246958673554587,0.03809826807368527,0.01179389136543588,0.9171614735325231,0.7808801292264878
UNH,XLV,0.7813620622255701,0.8123714763197601,0.035381674096307644,0.01179389136543588,0.9171614735325231,0.7166351803532149
ABC,XLV,0.9687562560913747,0.8100611567707785,0.035381674096307644,0.01179389136543588,0.9171614735325231,0.8885059153306155
PDCO,XLV,0.7025730933085895,0.802477908330665,0.035381674096307644,0.01179389136543588,0.9171614735325231,0.6443729735232088
MGLN,XLV,0.7034569210222279,0.7756846414352178,0.03551572844216309,0.01179389136543588,0.9171614735325231,0.6451835862513983
WCG,XLV,0.700953977759581,0.7560235918309165,0.035381674096307644,0.01179389136543588,0.9171614735325231,0.6428879831204607
USPH,XLV,0.4437760900947612,0.7529122128751652,0.035381674096307644,0.01179389136543588,0.9171614735325231,0.4070143327098129
UHS,XLV,0.5942734991297135,0.7170289618298126,0.035381674096307644,0.01179389136543588,0.9171614735325231,0.5450447581431366
GSK,XLV,0.5310112212371336,0.7137485109003112,0.035381674096307644,0.01179389136543588,0.9171614735325231,0.4870230341321541
GKOS,XLV,0.9028553534657897,0.7108446582594087,0.06004780760701424,0.01179389136543588,0.9171614735325231,0.8280641463714107
NEO,XLV,0.5737501183638442,0.7016085981743464,0.045152531569815794,0.01179389136543588,0.9171614735325231,0.5262215039980428
LHCG,XLV,0.5045434509295998,0.5665663181897616,0.04000723661988129,0.01179389136543588,0.9171614735325231,0.46274781491577605
