date,A,AAL,AAP,AAPL,ABAX,ABBV,ABC,ABEO,ABMD,ABT,ACAD,ACHC,ACN,ACOR,ADAP,ADBE,ADI,ADM,ADMS,ADP
2018-05-01,66.24,43.36,115.58,169.1,67.49,102.07,89.2,17.3,310.5,58.82,16.48,35.78,151.92,23.45,13.04,224.08,88.86,45.03,29.82,118.8
2018-04-30,65.74,42.93,114.45,165.26,66.57,96.55,90.58,17.45,300.95,58.13,15.81,35.58,151.2,23.1,12.71,221.6,87.35,45.38,30.19,118.08
2018-04-27,66.28,43.4,116.34,162.32,66.36,98.73,93.07,17.8,301.74,59.56,16.28,36.15,152.39,23.4,13.08,221.9,87.68,46.05,30.17,119.88
2018-04-26,66.37,42.37,113.18,164.22,73.0,97.44,92.08,17.65,303.41,59.5,15.12,35.99,152.29,23.35,13.1,221.91,88.7,45.85,29.33,118.69
2018-04-25,65.8,45.25,107.82,163.65,70.86,91.87,91.43,17.3,293.2,58.65,15.2,37.7,150.09,22.9,12.52,217.32,87.77,45.84,28.44,116.7
2018-04-24,66.64,45.69,106.93,162.94,72.44,91.36,90.14,18.45,290.93,58.31,19.47,37.68,151.07,23.1,12.22,217.89,87.65,45.16,28.2,116.32
2018-04-23,68.07,46.68,105.52,165.24,72.51,93.17,90.74,20.0,302.65,58.84,19.92,37.76,153.04,23.35,12.29,225.3,88.0,45.49,28.13,117.1
2018-04-20,67.55,46.78,103.76,165.72,72.72,92.6,89.87,20.9,305.92,59.19,19.9,37.98,152.41,23.35,12.44,225.24,89.76,45.5,28.09,116.84
2018-04-19,67.97,46.88,105.18,172.8,73.3,93.01,91.69,20.05,306.45,59.88,19.66,39.16,154.59,23.4,12.11,227.62,89.85,45.79,27.67,117.75
2018-04-18,69.55,47.76,107.39,177.84,73.44,94.32,92.75,19.8,307.63,59.52,19.98,39.25,155.52,23.9,12.39,231.1,94.57,45.65,25.85,118.61
2018-04-17,68.44,45.75,108.2,178.24,73.86,93.59,91.04,19.3,304.43,59.8,19.88,38.9,154.24,23.9,12.34,231.16,95.17,45.69,25.01,117.89
2018-04-16,68.17,46.4,106.45,175.82,73.78,92.6,88.77,20.1,296.32,59.27,18.98,38.8,151.42,23.35,12.36,226.52,93.14,45.47,24.37,116.91
2018-04-13,67.21,45.87,106.61,174.73,72.21,91.83,86.82,19.75,296.74,58.49,18.9,38.8,150.13,23.35,12.45,224.06,92.78,45.2,24.11,115.27
2018-04-12,67.2,46.57,110.57,174.14,72.13,92.12,88.19,19.0,296.94,58.83,19.29,39.64,150.09,23.45,12.47,226.96,93.02,45.3,24.69,115.26
2018-04-11,66.08,45.4,110.93,172.44,71.75,92.68,89.09,18.15,296.4,58.17,19.1,39.74,148.4,23.5,11.57,223.63,90.8,44.13,24.73,115.58
2018-04-10,66.64,47.46,112.14,173.25,71.08,92.66,88.91,17.75,300.28,58.86,17.74,39.74,150.72,23.45,11.05,224.53,90.03,44.14,23.9,115.91
2018-04-09,65.19,49.82,110.35,170.05,69.43,89.55,86.79,16.55,288.12,57.94,16.5,39.28,146.95,23.15,10.47,219.17,87.99,44.22,22.61,114.44
2018-04-06,63.65,50.29,111.91,168.38,68.85,88.86,85.41,14.0,286.22,57.29,21.53,39.46,146.09,22.75,10.42,218.61,88.31,44.33,22.94,113.7
2018-04-05,65.68,52.14,116.39,172.8,70.91,91.26,87.38,14.35,292.13,59.57,22.13,40.71,150.24,22.95,10.84,223.54,90.94,44.43,24.15,117.51
2018-04-04,65.45,52.04,114.48,171.61,70.17,91.99,86.25,15.15,288.53,59.18,22.34,40.0,148.66,23.7,11.23,225.05,91.24,43.9,25.4,116.72
2018-04-03,65.42,51.47,111.91,168.39,68.8,89.66,83.93,14.0,278.07,58.72,21.2,39.23,147.49,22.95,10.84,215.93,89.52,43.12,24.6,114.04
2018-04-02,64.43,49.78,111.93,166.68,68.52,90.52,82.67,14.25,279.11,57.93,20.88,38.35,146.69,22.3,11.05,212.28,88.75,42.27,23.23,113.3
2018-03-29,66.75,51.96,118.55,167.78,70.62,93.68,86.21,14.35,290.99,59.63,22.47,39.18,152.16,23.65,11.23,216.08,91.13,43.37,23.9,113.48
2018-03-28,66.25,50.85,115.98,166.48,68.61,93.3,85.11,13.65,282.99,58.95,23.11,39.06,146.12,23.75,10.47,212.54,89.91,42.8,23.67,111.76
2018-03-27,66.85,50.9,115.01,168.34,69.75,91.07,84.01,14.0,286.43,59.99,22.68,39.07,147.56,23.6,11.16,213.8,91.05,42.87,23.73,112.26
2018-03-26,68.05,51.86,114.77,172.77,74.26,94.3,84.95,15.05,295.4,60.78,23.54,39.4,151.51,24.25,11.56,228.91,93.11,42.83,24.4,114.06
2018-03-23,65.91,51.01,110.84,164.94,72.45,96.46,84.03,14.05,283.99,59.21,22.57,39.16,146.06,22.85,11.5,215.02,87.7,42.05,23.82,109.2
2018-03-22,67.32,52.31,111.71,168.85,72.49,97.09,85.0,14.8,286.39,60.64,23.85,40.54,148.92,23.4,11.47,220.52,90.54,41.94,24.46,113.14
2018-03-21,69.25,54.09,115.18,171.27,73.81,111.3,89.5,15.75,292.31,62.12,24.66,41.36,160.61,24.15,11.4,226.85,92.8,42.62,25.8,116.36
2018-03-20,69.69,55.32,114.19,175.24,72.8,111.5,89.19,14.53,294.01,62.35,24.51,41.11,161.46,24.4,10.36,229.75,92.71,42.97,26.05,115.56
2018-03-19,69.19,54.62,115.81,175.3,73.06,110.88,93.0,13.98,287.98,61.96,24.58,40.79,159.22,24.55,11.06,222.18,93.5,43.06,26.09,114.48
2018-03-16,69.74,55.4,116.57,178.02,74.97,112.54,96.61,15.35,293.05,62.88,25.75,41.16,159.48,25.05,11.06,225.55,94.15,43.5,27.1,117.16
2018-03-15,70.02,55.17,117.04,178.65,74.34,113.75,97.36,15.25,294.57,62.29,25.21,41.71,161.44,24.05,10.94,218.87,93.94,43.26,26.45,116.48
2018-03-14,69.76,55.28,117.0,178.44,73.74,117.72,98.58,15.35,295.85,62.56,25.05,41.59,159.59,25.2,9.21,218.44,94.09,43.77,26.74,116.1
2018-03-13,70.52,56.23,118.94,179.97,72.68,118.52,100.6,15.1,293.17,62.9,24.98,41.65,161.07,25.6,8.74,219.76,94.66,44.24,26.57,117.39
2018-03-12,70.55,56.5,118.35,181.72,74.12,117.09,100.29,15.8,294.74,63.32,25.89,42.0,160.28,25.6,9.06,220.94,95.53,44.53,28.73,117.53
2018-03-09,70.97,56.07,118.8,179.98,71.69,118.07,99.0,15.3,294.52,63.3,25.33,41.1,160.1,25.65,9.09,221.11,94.73,43.3,27.69,118.83
2018-03-08,69.69,54.79,115.69,176.94,71.12,115.81,96.24,15.1,288.6,61.57,25.25,40.75,157.11,25.65,8.41,216.4,92.72,43.29,25.93,116.96
2018-03-07,69.54,54.11,116.71,175.03,71.44,113.54,95.6,15.75,285.38,61.0,25.4,41.14,157.16,25.85,8.0,216.86,92.26,43.03,25.68,114.55
2018-03-06,67.96,53.57,118.53,176.67,71.18,113.39,94.7,15.75,281.54,60.59,25.11,40.71,156.65,24.9,7.91,212.01,91.45,43.12,25.66,114.78
2018-03-05,67.4,53.19,116.3,176.82,69.51,114.47,94.9,15.4,279.27,60.08,24.83,39.75,157.46,25.95,7.9,211.16,90.67,42.72,25.93,115.03
2018-03-02,67.36,53.18,116.01,176.21,68.64,113.86,93.96,15.5,275.13,59.18,23.68,39.76,156.12,24.55,8.02,209.79,89.07,42.2,24.37,112.98
2018-03-01,67.23,53.48,117.45,175.0,66.14,112.67,93.3,14.0,265.71,58.51,22.98,37.85,154.78,24.35,8.04,206.03,87.85,41.25,24.92,113.17
2018-02-28,68.44,54.25,114.19,178.12,66.67,114.64,95.16,13.85,268.18,60.04,24.92,38.1,159.6,23.75,7.63,209.13,89.68,41.52,24.45,114.69
2018-02-27,68.85,54.26,109.74,178.39,68.22,117.05,97.64,13.95,271.25,60.26,31.16,38.06,161.13,24.2,7.69,208.82,91.78,41.64,24.86,115.83
2018-02-26,70.42,55.0,114.79,178.97,69.16,120.29,100.58,14.05,273.18,60.24,32.33,38.57,163.3,24.8,7.82,212.15,91.88,42.17,25.95,117.26
2018-02-23,70.54,53.39,116.26,175.5,68.49,117.53,98.42,13.45,268.45,59.42,31.52,38.55,161.52,26.05,7.88,209.74,89.9,42.57,26.02,117.01
2018-02-22,70.52,52.98,110.43,172.5,66.79,116.35,97.12,13.35,263.97,58.71,30.24,39.18,158.92,26.4,7.65,202.61,88.1,41.76,27.41,114.8
2018-02-21,71.09,52.78,113.94,171.07,68.32,116.7,98.57,11.7,268.25,58.71,30.43,36.23,159.06,26.1,7.83,202.09,87.95,42.12,27.36,115.46
2018-02-20,70.92,51.72,105.3,171.85,67.27,116.77,99.94,11.6,270.48,58.84,31.05,36.12,160.03,25.3,8.22,202.98,87.95,42.57,26.39,114.78
2018-02-16,71.81,51.58,107.51,172.43,68.9,117.38,99.4,12.5,267.74,59.88,30.92,36.32,161.24,25.8,8.62,201.56,85.64,43.13,33.77,115.54
2018-02-15,71.86,51.67,108.72,172.99,68.85,113.72,97.22,12.05,261.04,59.21,31.06,36.27,159.65,25.1,8.51,202.97,84.96,42.87,34.43,114.88
2018-02-14,69.54,51.07,108.96,167.37,67.63,111.92,96.02,11.45,255.47,58.0,30.6,35.66,158.39,25.6,8.23,197.13,84.69,41.5,35.04,112.09
2018-02-13,68.19,50.87,106.16,164.34,65.36,110.71,97.39,11.9,233.99,57.36,29.51,34.24,155.47,24.95,7.98,193.48,83.9,41.02,33.86,111.21
2018-02-12,68.28,50.09,109.42,162.71,65.39,110.78,89.1,12.6,233.72,57.13,28.87,33.74,153.59,24.75,7.96,192.15,84.61,40.95,33.81,111.04
2018-02-09,66.83,48.36,109.08,156.41,64.44,110.16,88.84,14.08,229.38,56.9,28.27,33.72,152.49,24.05,7.94,187.99,83.5,41.17,33.87,110.82
2018-02-08,64.91,48.6,109.57,154.52,62.69,107.37,91.19,15.55,229.5,56.0,28.35,34.02,149.19,23.85,8.36,185.16,82.25,41.03,35.28,107.66
2018-02-07,67.91,51.4,109.87,158.89,64.84,112.46,93.85,18.2,239.02,58.39,29.32,34.29,153.79,25.15,8.9,192.34,84.91,41.86,36.49,112.94
2018-02-06,68.3,51.18,112.14,162.37,65.47,110.06,91.18,15.95,232.11,58.58,28.8,34.26,153.34,24.9,8.47,194.47,88.08,41.67,36.58,112.33
2018-02-05,68.07,49.76,109.8,155.85,66.75,108.39,91.54,14.9,239.37,58.45,26.91,33.1,150.5,23.95,8.32,190.27,84.96,40.29,34.47,113.45
2018-02-02,71.09,52.0,113.87,159.85,70.44,113.99,95.65,15.1,248.2,61.39,28.96,34.61,155.53,25.3,8.52,195.64,88.65,41.11,35.96,117.92
2018-02-01,72.67,53.78,117.23,167.1,72.51,115.15,98.9,15.65,253.13,61.88,30.26,35.23,159.06,26.25,8.75,199.38,91.18,42.13,38.44,119.76
2018-01-31,73.27,54.22,116.93,166.75,71.48,111.07,99.28,15.25,235.0,61.86,29.91,34.08,159.29,25.95,8.63,199.76,91.4,42.62,37.84,122.95
2018-01-30,72.83,52.49,119.21,166.29,74.05,114.69,102.06,15.3,235.06,62.14,30.65,34.26,158.3,26.45,8.86,196.9,91.08,42.15,39.26,120.15
2018-01-29,74.36,52.58,122.83,167.28,75.82,121.06,104.68,16.3,236.65,63.01,31.74,34.29,159.78,27.5,9.05,198.23,93.29,42.78,39.66,120.1
2018-01-26,74.65,52.97,123.58,170.81,75.53,121.95,105.07,16.25,238.89,63.12,32.13,34.32,161.13,27.25,9.08,201.3,93.35,43.25,41.73,121.66
2018-01-25,73.7,52.95,120.86,170.42,64.29,107.19,103.96,17.0,236.32,62.92,30.68,33.95,159.38,26.65,9.13,197.51,91.5,42.56,40.97,119.97
2018-01-24,73.42,54.68,120.93,173.51,64.92,104.43,104.21,15.4,232.95,61.42,30.57,33.55,159.2,27.1,9.0,197.78,94.85,42.51,40.61,120.2
2018-01-23,73.28,58.18,119.04,176.32,64.17,104.3,102.41,15.4,230.27,58.95,30.32,33.7,159.47,27.8,9.43,200.09,95.97,42.28,42.65,121.43
2018-01-22,73.32,57.99,117.97,176.28,62.57,105.4,102.26,14.85,228.18,59.28,28.93,34.23,160.02,27.55,8.5,197.84,96.15,42.42,40.79,122.1
2018-01-19,72.91,57.95,116.96,177.74,61.02,103.57,99.67,14.6,228.29,59.03,26.92,34.01,160.34,27.2,8.09,195.73,95.64,40.64,38.19,120.78
2018-01-18,72.03,58.23,115.47,178.53,60.67,102.75,100.47,14.55,225.89,58.79,27.78,33.22,159.53,25.0,7.64,196.2,96.74,40.17,37.39,120.24
2018-01-17,71.9,58.05,115.29,178.37,60.85,103.29,100.91,15.25,224.13,58.71,28.25,33.22,158.81,24.75,7.89,196.49,95.08,40.59,36.64,121.38
2018-01-16,71.07,57.87,113.84,175.47,62.06,101.44,99.16,14.85,218.09,58.16,28.15,33.45,156.58,25.05,7.51,192.46,92.62,40.46,35.74,118.74
2018-01-12,71.57,58.36,115.88,176.37,62.29,99.31,98.61,15.7,215.11,58.56,28.37,34.63,158.71,25.85,7.81,195.05,91.54,40.19,35.58,117.82
2018-01-11,70.64,56.31,112.89,174.57,62.13,98.25,97.76,15.85,210.15,58.67,27.9,34.38,157.72,25.6,7.81,188.92,90.72,40.25,35.61,116.54
2018-01-10,70.63,53.68,110.53,173.58,61.51,97.97,96.83,16.0,208.14,58.27,28.63,33.0,157.51,24.3,7.86,187.11,89.64,39.6,33.56,117.01
2018-01-09,71.61,51.98,110.43,173.62,61.38,98.51,97.14,16.1,209.76,58.36,28.29,33.07,158.07,23.25,7.84,186.7,91.17,39.91,33.87,118.11
2018-01-08,69.89,52.03,111.33,173.64,52.79,97.77,96.52,15.25,207.8,58.26,27.11,32.39,157.54,22.4,7.98,185.04,91.35,39.78,32.15,117.29
2018-01-05,69.74,52.55,112.12,174.29,54.93,99.36,94.95,15.65,202.32,58.43,28.9,33.11,156.29,23.55,7.71,185.34,91.2,39.87,34.03,117.65
2018-01-04,68.65,52.57,110.94,172.33,49.39,97.66,93.81,16.8,199.25,58.26,28.78,33.46,155.01,21.05,7.52,183.22,90.83,40.14,33.88,117.72
2018-01-03,69.17,52.24,106.99,171.53,49.4,98.22,94.02,17.3,195.82,58.36,29.51,33.43,153.2,21.9,7.57,181.04,90.93,39.47,35.27,116.61
2018-01-02,67.45,52.89,106.03,171.56,49.88,96.71,93.67,17.2,192.49,58.23,30.43,33.81,152.49,22.65,7.1,177.7,89.81,39.78,35.65,115.36
2017-12-29,66.82,51.93,99.64,168.54,49.4,95.04,91.46,15.85,187.41,56.53,30.11,32.63,151.75,21.45,6.68,175.24,88.57,39.77,33.89,116.55
2017-12-28,67.15,52.36,99.66,170.39,49.68,96.1,92.23,16.1,190.55,56.91,31.18,32.63,152.23,22.55,6.78,175.55,88.92,39.96,35.17,116.67
2017-12-27,67.0,52.3,99.72,169.91,48.91,96.39,92.24,16.1,190.42,56.92,30.7,32.45,151.98,22.4,6.8,175.36,88.64,39.93,33.98,116.62
2017-12-26,66.95,52.75,101.91,169.88,49.5,96.06,92.89,16.2,189.54,56.46,30.46,32.2,151.65,22.2,6.76,174.44,88.17,39.95,34.12,116.93
2017-12-22,67.05,52.49,100.5,174.3,49.49,96.51,92.1,15.85,191.64,56.39,29.26,32.25,152.54,21.6,7.0,175.0,88.39,39.88,34.4,116.24
2017-12-21,67.22,52.69,100.08,174.3,48.87,96.22,92.63,14.95,190.63,56.39,28.75,32.09,152.85,21.75,7.06,174.56,88.19,39.78,34.27,116.76
2017-12-20,67.1,51.82,98.48,173.64,48.83,95.72,93.38,15.1,193.69,56.48,28.3,31.85,150.42,21.25,7.1,174.25,88.19,39.56,32.23,117.22
2017-12-19,67.45,51.34,99.62,173.83,48.93,96.23,93.42,15.33,193.89,56.26,28.12,32.52,150.89,21.15,7.08,174.97,87.49,39.82,31.9,117.69
2017-12-18,67.36,51.39,102.59,175.7,48.91,96.49,92.04,15.2,190.07,55.86,28.42,31.86,150.39,21.05,7.17,176.74,87.63,39.91,31.73,117.99
2017-12-15,67.31,50.96,100.59,173.26,47.93,95.76,92.81,16.5,188.71,54.97,28.98,31.74,151.32,21.05,7.37,177.51,86.24,40.25,32.58,117.54
2017-12-14,66.22,50.11,100.09,171.52,47.66,94.63,88.96,16.1,188.44,54.21,28.97,31.41,149.89,20.7,7.37,175.0,85.0,39.26,32.08,115.82
2017-12-13,66.38,49.99,102.38,171.57,47.27,95.67,88.14,16.0,193.06,54.54,29.94,32.78,150.1,21.3,7.45,176.83,84.74,39.74,33.35,116.38
2017-12-12,66.76,50.37,102.91,171.0,47.21,94.63,87.48,15.45,192.94,55.17,29.18,32.48,150.77,20.55,7.86,172.54,85.04,41.45,35.08,116.41
2017-12-11,66.7,51.2,100.74,171.97,47.26,94.8,86.43,15.55,193.43,54.42,29.97,32.1,149.37,20.4,7.92,174.31,85.36,41.58,35.47,117.18
2017-12-08,67.08,50.92,100.2,168.68,47.53,94.29,86.36,16.2,191.36,54.12,30.49,32.31,149.21,21.05,8.38,173.57,85.08,41.19,36.55,115.39
2017-12-07,66.41,50.78,97.5,168.63,46.99,92.61,85.6,15.8,187.91,54.17,30.09,31.78,147.3,20.75,7.98,174.61,85.66,40.99,35.76,115.25
2017-12-06,65.6,49.51,97.39,168.32,48.12,92.77,85.66,14.8,187.0,54.14,29.71,31.09,146.97,20.35,7.82,173.52,84.97,40.9,34.53,114.66
2017-12-05,65.54,49.38,101.04,168.95,46.99,93.76,85.56,15.25,187.96,54.27,29.95,31.36,146.38,20.45,7.8,167.54,84.39,40.52,34.31,114.42
2017-12-04,65.95,49.83,103.9,169.11,47.39,93.57,87.08,15.3,189.57,54.19,28.92,31.66,145.86,20.8,7.93,168.44,84.35,40.88,34.37,113.56
2017-12-01,68.39,48.91,99.17,170.36,48.03,94.65,84.62,16.55,194.6,55.45,30.16,32.26,145.29,20.8,8.1,179.52,84.96,40.51,35.93,112.51
2017-11-30,68.93,50.39,100.89,171.15,48.63,95.24,84.49,17.3,194.84,55.83,30.25,31.83,146.72,20.3,8.28,181.47,85.66,39.57,37.15,113.22
2017-11-29,68.39,49.16,99.84,168.79,51.33,94.16,84.33,16.65,194.15,55.05,29.02,32.9,145.66,20.5,7.82,176.85,84.77,39.46,35.12,112.1
2017-11-28,70.28,49.13,92.74,172.37,49.72,93.77,82.83,17.35,197.33,55.49,27.7,31.78,146.75,20.1,8.23,185.4,86.16,38.79,33.83,110.01
2017-11-27,69.0,48.33,89.77,173.38,49.58,93.77,80.8,16.65,198.45,55.62,27.6,31.04,146.21,20.0,8.17,185.0,86.54,38.77,33.08,108.94
2017-11-24,69.05,48.47,89.13,174.26,49.28,93.08,80.91,16.75,199.74,55.6,28.0,30.36,146.34,20.5,8.24,184.46,88.22,38.84,33.68,108.82
2017-11-22,68.39,48.57,89.52,174.25,49.91,92.84,81.08,16.15,198.86,55.27,28.25,30.96,145.82,20.25,8.11,182.9,87.73,38.94,33.59,109.01
2017-11-21,69.6,48.56,88.83,172.44,50.02,93.04,79.15,16.15,199.58,55.59,27.89,29.81,146.72,20.1,7.89,184.15,89.25,39.03,31.0,109.36
2017-11-20,69.65,47.6,91.33,169.29,49.29,91.98,77.16,14.7,195.59,54.76,27.7,29.01,145.29,19.5,7.85,182.34,92.1,38.9,29.96,109.33
2017-11-17,68.49,47.3,89.17,169.46,49.1,91.99,78.53,15.4,194.32,55.03,27.86,29.84,144.18,17.8,7.88,182.24,89.48,39.11,28.41,109.85
2017-11-16,68.44,47.59,90.4,170.41,48.21,92.84,79.62,16.1,194.91,55.01,27.64,29.5,145.75,17.25,8.02,182.3,89.54,38.89,27.69,109.82
2017-11-15,67.01,47.1,91.48,168.39,46.95,92.14,76.86,16.75,193.11,54.31,26.84,28.15,143.0,17.0,7.95,180.08,88.23,38.66,26.71,109.46
2017-11-14,67.16,45.72,95.61,170.64,45.91,93.11,74.75,15.1,193.75,54.49,27.0,27.79,143.69,28.2,7.59,181.32,89.5,39.16,26.32,110.86
2017-11-13,66.83,45.65,82.19,173.26,45.6,93.47,74.75,14.7,195.13,54.77,27.31,28.42,142.66,27.7,7.8,181.85,89.09,39.11,28.79,110.32
2017-11-10,66.51,45.73,81.13,173.96,46.21,93.78,74.35,15.25,195.21,54.28,28.6,28.23,142.63,27.95,8.1,181.72,88.66,39.3,27.75,109.88
2017-11-09,67.17,45.58,80.36,174.54,45.88,94.23,74.62,14.8,195.54,54.92,29.16,28.63,142.57,28.35,8.08,181.92,88.77,38.98,27.36,110.75
2017-11-08,67.81,46.18,79.32,174.9,45.68,94.05,74.36,15.1,196.97,54.72,29.41,29.14,143.62,28.65,8.18,184.06,91.04,39.17,27.22,111.37
2017-11-07,67.95,46.27,79.29,173.48,45.52,92.33,74.27,14.33,197.21,54.63,32.46,29.35,142.24,27.5,8.17,180.88,90.94,38.92,27.0,111.52
2017-11-06,67.92,47.32,80.62,172.92,46.76,91.35,74.22,16.3,196.55,54.49,32.55,29.99,142.67,27.75,8.44,180.8,91.32,38.65,27.45,110.12
2017-11-03,68.07,47.26,81.71,171.18,47.23,90.71,74.16,16.5,194.9,54.94,35.85,29.95,142.78,27.7,8.17,182.3,90.85,39.15,28.0,111.02
2017-11-02,67.83,47.17,81.6,166.83,47.22,89.45,72.6,16.75,190.05,53.85,35.11,30.52,142.18,27.2,7.86,180.94,89.85,39.53,26.27,113.1
2017-11-01,67.72,47.64,80.66,165.62,47.49,90.84,75.96,16.4,188.89,53.49,34.36,30.47,141.71,28.15,7.51,176.25,90.04,39.98,26.62,114.15
2017-10-31,67.73,46.63,81.65,167.75,48.14,88.69,76.29,17.95,192.92,53.71,34.83,31.36,141.11,26.58,7.85,175.16,90.35,40.23,24.66,115.0
2017-10-30,67.19,47.06,81.91,165.45,47.6,89.39,76.27,17.45,179.48,53.77,35.18,31.33,142.04,27.3,7.9,176.03,90.37,42.14,23.61,115.71
2017-10-27,67.67,47.37,81.84,161.81,49.05,90.34,75.72,17.3,181.07,54.84,35.04,33.25,142.03,26.85,7.67,177.33,90.26,42.39,19.51,116.96
2017-10-26,67.41,48.41,85.55,156.21,48.85,88.01,78.09,17.4,179.59,54.95,34.65,32.42,140.73,26.0,7.3,173.75,89.62,42.33,18.66,116.02
2017-10-25,67.09,50.81,83.22,155.22,49.57,90.18,81.51,18.0,171.37,54.96,34.89,32.68,139.93,26.05,6.97,171.83,88.93,42.76,19.85,115.07
2017-10-24,67.02,51.74,84.15,155.9,46.02,90.1,81.15,17.85,176.71,54.85,35.64,44.12,137.69,26.1,7.05,171.58,89.35,43.04,18.13,115.19
2017-10-23,66.72,50.77,85.81,154.98,46.79,92.87,81.82,18.6,176.0,55.55,35.78,44.69,138.11,26.2,6.82,172.16,87.85,42.88,18.31,115.74
2017-10-20,66.95,51.72,86.68,155.06,46.78,94.44,82.49,19.0,174.62,55.78,36.32,44.45,138.27,27.2,7.15,175.64,88.0,42.81,19.26,114.67
2017-10-19,66.58,51.3,86.82,154.79,46.55,94.81,81.49,17.75,172.21,55.47,35.83,44.16,137.41,26.7,7.1,171.73,87.88,42.63,19.42,113.37
2017-10-18,66.15,51.82,87.71,158.54,46.74,94.38,79.8,17.5,172.95,55.24,36.73,42.27,136.22,27.05,7.03,153.0,88.07,42.63,19.24,112.69
2017-10-17,65.83,51.86,87.99,159.25,45.48,90.58,79.26,17.9,172.47,54.54,36.99,41.81,136.12,26.65,7.01,150.38,88.01,42.98,19.02,112.48
2017-10-16,66.61,52.06,85.91,158.66,45.66,89.46,78.32,16.7,170.55,54.11,36.1,41.56,136.55,26.05,7.33,150.46,87.91,43.01,18.98,113.33
2017-10-13,66.69,52.48,85.41,155.79,45.65,89.1,78.76,16.1,173.85,54.13,35.4,41.72,136.66,25.85,7.64,153.93,88.13,43.31,19.02,112.62
2017-10-12,67.24,52.43,86.46,154.81,45.79,89.84,80.1,17.55,173.0,54.19,35.5,43.3,136.66,25.5,7.76,153.61,87.91,42.76,19.84,112.35
2017-10-11,66.32,52.61,89.3,155.36,45.71,90.15,79.63,19.35,172.66,53.66,35.76,43.62,134.41,25.85,7.84,153.65,87.65,42.61,20.74,111.86
2017-10-10,66.3,52.81,91.74,154.71,45.54,88.97,78.87,19.95,172.18,54.61,36.91,42.96,135.01,25.35,8.32,152.15,87.07,42.33,21.69,112.87
2017-10-09,66.27,50.39,91.02,154.65,45.69,88.59,77.68,17.5,173.99,53.88,37.59,44.02,134.49,25.05,8.23,151.5,86.8,41.94,22.14,112.33
2017-10-06,66.07,51.09,94.18,154.12,46.4,88.31,79.79,17.7,174.88,54.21,38.54,45.63,133.76,25.5,8.16,151.12,86.96,42.32,23.11,112.25
2017-10-05,65.41,50.35,94.22,154.2,46.16,88.01,83.4,18.5,173.65,54.13,38.3,46.48,133.73,26.65,8.53,150.25,86.98,42.67,23.81,112.33
2017-10-04,65.54,50.52,94.82,152.31,45.8,87.73,82.03,17.4,171.8,53.56,39.14,46.94,132.69,25.7,8.74,147.95,86.1,42.35,22.14,110.19
2017-10-03,64.86,50.3,98.87,153.3,45.33,87.54,82.17,17.6,168.78,52.98,38.86,47.5,131.8,26.25,8.7,148.6,85.01,42.05,21.69,109.51
2017-10-02,64.58,47.53,99.25,152.64,45.6,88.21,82.58,17.75,169.86,52.91,38.43,47.61,132.97,26.0,8.71,147.94,84.93,41.95,21.56,108.13
2017-09-29,63.78,47.3,99.09,152.94,44.41,86.72,82.04,17.05,168.6,52.59,37.67,47.76,132.6,23.65,8.19,149.18,85.27,41.84,21.17,108.13
2017-09-28,63.57,47.3,99.39,152.11,44.07,86.82,80.29,16.95,162.34,52.87,38.37,47.43,133.83,23.35,8.16,146.83,84.75,42.08,20.83,107.83
2017-09-27,63.97,46.66,99.22,153.05,44.49,82.71,81.72,15.15,163.72,51.4,37.9,46.74,134.15,23.45,8.02,146.43,84.04,42.37,20.14,108.45
2017-09-26,63.69,47.38,97.48,151.97,43.65,83.29,81.29,14.15,160.61,52.09,37.43,46.35,134.34,23.55,8.08,145.4,83.04,42.84,20.23,107.09
2017-09-25,64.31,47.5,97.83,149.4,44.51,84.48,80.28,14.7,160.31,51.86,37.67,46.26,135.64,23.9,8.58,144.57,83.01,42.88,21.24,107.64
2017-09-22,65.35,46.87,95.48,150.73,44.6,85.37,80.35,14.95,163.96,51.76,37.59,46.02,135.38,23.45,7.93,148.5,84.04,42.7,21.37,106.98
2017-09-21,65.49,46.1,93.57,152.22,44.17,85.3,79.69,16.2,159.79,50.69,37.63,45.6,134.17,23.6,8.41,149.3,83.36,42.61,21.32,105.63
2017-09-20,65.66,45.23,94.58,154.88,44.61,85.3,78.82,16.5,157.42,51.15,36.85,45.69,135.49,23.9,8.28,149.96,82.82,42.64,21.37,105.67
2017-09-19,65.74,44.2,94.68,157.52,43.58,84.29,78.6,16.75,157.1,50.67,36.55,44.84,134.21,23.35,8.28,156.6,84.35,43.2,21.3,106.31
2017-09-18,65.65,45.12,98.41,157.46,43.83,83.26,79.98,16.5,157.9,51.33,36.98,45.74,134.44,23.05,8.47,155.77,84.28,43.4,21.12,105.39
2017-09-15,65.53,45.81,99.33,158.66,44.01,85.26,80.9,17.2,158.58,51.02,36.83,46.78,132.88,22.95,8.77,154.49,82.97,43.15,21.53,105.62
2017-09-14,65.25,46.0,99.84,157.07,44.09,87.07,80.0,14.0,158.87,50.95,36.35,48.76,132.4,23.1,8.86,154.95,81.48,42.77,20.54,105.63
2017-09-13,65.02,46.81,99.92,158.43,44.19,86.34,83.59,14.0,158.46,51.25,36.46,47.65,132.32,23.05,8.87,156.24,81.21,42.61,20.53,106.03
2017-09-12,65.71,46.1,97.09,159.63,45.13,85.63,83.18,13.8,157.91,51.5,37.17,47.47,133.73,23.2,8.5,156.31,81.3,42.53,20.72,106.75
2017-09-11,65.68,45.67,94.23,160.27,45.19,84.9,83.66,14.0,157.81,51.7,37.08,47.28,133.74,23.2,8.85,156.87,81.36,42.12,20.77,106.33
2017-09-08,64.6,43.42,93.86,157.42,44.9,83.28,81.79,13.85,156.9,51.27,36.93,46.85,131.28,22.8,8.93,155.34,79.6,41.7,21.87,107.23
2017-09-07,64.72,43.66,93.37,160.03,45.19,79.81,81.85,13.85,153.85,50.75,35.8,46.48,131.79,22.25,7.55,155.47,80.26,41.92,21.26,107.74
2017-09-06,64.29,44.13,95.44,160.67,45.93,75.19,80.03,13.4,151.61,50.46,35.69,46.29,128.73,22.8,6.74,153.76,81.21,41.73,21.45,106.31
2017-09-05,63.87,43.74,96.56,160.84,45.98,73.44,79.0,14.2,150.51,50.3,35.2,46.82,127.4,21.65,6.8,154.28,81.69,41.28,21.97,104.72
2017-09-01,63.96,45.12,97.89,162.8,45.97,73.6,79.55,13.8,151.06,50.45,36.16,47.03,127.72,21.7,6.58,155.06,83.05,41.54,21.29,105.62
2017-08-31,64.3,44.56,97.73,162.75,45.97,73.48,79.56,13.15,150.8,50.21,35.61,46.94,128.37,20.8,7.0,155.16,82.35,40.67,20.94,104.76
2017-08-30,63.49,44.14,96.64,162.1,45.39,72.14,77.66,13.65,147.48,49.39,34.72,45.81,127.42,19.55,6.23,153.67,82.4,41.2,20.9,104.23
2017-08-29,63.08,44.38,94.95,161.67,45.43,72.11,77.88,11.25,145.39,49.43,33.91,45.83,127.29,19.45,6.01,152.14,78.29,41.08,21.68,103.43
2017-08-28,63.05,44.77,94.49,160.24,45.11,71.55,77.98,9.5,147.9,49.54,33.44,45.79,126.88,25.7,6.0,151.79,78.18,41.11,20.27,103.07
2017-08-25,62.49,45.06,95.63,158.64,45.62,70.73,77.43,9.05,147.67,48.64,32.45,45.57,127.03,25.15,5.21,151.45,77.72,41.09,19.93,102.91
2017-08-24,62.27,42.74,92.94,158.06,45.66,70.37,77.73,9.6,148.93,48.67,32.82,45.55,126.32,23.0,5.25,150.81,78.02,40.43,14.23,102.91
2017-08-23,62.36,43.79,93.38,158.76,45.78,69.8,77.47,8.75,152.9,48.93,31.91,47.43,126.02,22.65,5.24,151.1,77.82,41.11,14.39,101.8
2017-08-22,62.55,45.22,95.63,158.56,46.68,70.02,78.55,7.85,154.99,49.0,31.44,47.62,126.95,22.9,5.04,152.25,77.92,41.06,14.3,102.05
2017-08-21,61.34,45.52,95.02,156.01,46.15,69.0,77.37,7.85,153.32,48.18,30.94,47.66,125.83,21.85,4.93,149.26,76.47,40.91,14.51,101.23
2017-08-18,60.85,45.36,93.1,156.3,46.14,68.27,77.92,7.8,152.14,48.04,31.08,46.9,125.11,21.9,5.05,147.97,76.51,40.62,14.29,102.73
2017-08-17,60.47,45.84,92.69,156.66,47.34,68.17,79.25,8.15,153.7,48.58,31.03,46.99,125.26,21.8,5.22,148.23,76.33,41.01,14.02,103.0
2017-08-16,61.74,48.21,91.35,159.72,46.86,68.72,78.98,8.5,155.16,49.1,31.39,51.68,127.66,21.55,5.14,151.8,78.8,41.49,13.68,109.31
2017-08-15,59.0,48.32,86.93,160.37,46.23,68.64,78.95,8.1,154.51,48.12,32.11,52.01,127.02,21.2,5.18,150.36,78.7,41.39,14.68,109.78
2017-08-14,59.23,48.61,109.13,158.63,46.61,69.11,79.03,7.4,154.26,48.38,31.89,52.17,127.32,21.65,5.16,149.16,78.64,40.97,15.28,107.92
2017-08-11,58.95,48.15,107.15,156.28,46.25,68.93,78.97,7.55,151.37,47.84,31.21,52.38,125.86,21.35,5.11,146.47,76.81,40.3,15.84,107.06
2017-08-10,58.19,48.35,105.94,154.14,45.4,68.74,77.84,7.65,150.01,47.37,30.23,50.97,125.9,20.45,5.12,144.92,75.62,41.14,15.25,107.15
2017-08-09,59.29,49.1,108.99,159.21,45.94,70.28,78.75,7.7,155.85,48.07,33.21,51.5,127.25,20.65,5.3,148.35,76.75,41.5,16.42,107.9
2017-08-08,59.75,49.69,109.2,158.24,46.23,69.75,79.28,7.7,155.87,48.18,29.54,52.27,126.77,21.2,5.47,147.81,77.72,41.26,16.82,106.76
2017-08-07,60.48,50.27,109.3,156.98,46.02,69.5,79.52,8.25,153.35,48.59,30.57,52.58,127.31,22.2,5.52,148.44,77.62,41.45,17.03,110.36
2017-08-04,59.74,50.49,110.81,154.59,46.18,69.28,79.77,8.05,151.01,48.55,30.69,52.58,127.82,21.43,5.43,147.71,76.55,41.6,17.21,109.6
2017-08-03,59.98,50.24,110.34,153.78,45.87,69.28,80.64,7.3,147.89,48.45,29.59,52.57,127.65,21.75,5.4,147.79,76.71,41.63,17.07,109.97
2017-08-02,59.81,50.14,114.28,155.33,45.54,69.01,90.07,7.65,146.44,48.52,29.49,51.48,126.27,22.25,5.34,147.13,77.57,41.5,17.17,113.4
2017-08-01,59.55,50.75,113.85,148.32,45.68,68.68,91.76,8.05,146.78,48.44,29.55,52.09,127.49,21.75,5.29,147.36,77.7,42.29,17.17,114.9
2017-07-31,59.4,50.13,111.81,147.02,46.6,68.22,92.59,8.45,148.09,48.47,29.77,52.93,126.47,21.65,5.25,146.49,77.76,41.2,17.35,117.0
2017-07-28,59.69,50.18,110.02,147.78,47.22,68.74,92.74,8.75,146.25,48.9,30.13,53.0,126.06,21.7,5.39,146.73,77.99,40.81,17.66,115.49
2017-07-27,59.52,49.69,110.15,148.83,51.54,70.0,91.56,8.4,142.97,49.39,29.47,49.23,125.82,21.7,5.35,146.2,78.29,40.81,17.62,113.77
2017-07-26,59.33,50.7,106.51,151.69,50.83,70.84,92.97,8.7,145.08,49.68,30.13,49.26,127.15,22.55,5.45,149.78,79.44,40.74,17.9,104.27
2017-07-25,60.15,50.3,105.1,150.98,51.36,70.77,93.41,9.1,148.3,50.1,30.03,51.29,126.6,22.85,5.58,148.21,78.26,40.98,18.26,101.52
2017-07-24,61.1,50.97,102.99,150.34,50.93,72.13,91.91,9.4,147.3,50.07,30.47,51.25,125.67,22.4,5.68,149.53,77.51,40.42,18.45,101.87
2017-07-21,60.97,51.59,105.08,148.54,50.72,72.83,90.42,9.8,144.1,50.11,30.43,50.89,126.5,20.65,5.7,149.52,77.71,40.3,17.66,102.9
2017-07-20,60.58,52.02,103.05,148.61,51.35,72.23,90.74,9.75,144.3,50.12,30.09,50.9,126.19,20.9,5.94,149.94,79.57,40.46,17.62,101.68
2017-07-19,60.98,52.29,100.69,149.28,50.4,71.02,89.97,9.85,144.55,48.72,29.0,50.43,125.45,20.35,5.88,148.92,79.1,40.32,17.39,101.1
2017-07-18,60.81,52.82,100.12,148.35,50.54,70.49,90.17,8.95,144.34,48.04,28.96,49.84,125.04,20.1,5.82,147.89,79.86,40.22,17.01,99.68
2017-07-17,61.15,53.54,101.56,147.84,51.69,70.95,91.49,8.9,144.04,48.06,28.85,49.14,124.11,20.3,5.64,146.4,79.81,40.63,16.96,100.06
2017-07-14,61.12,53.89,101.86,147.32,51.28,71.35,91.74,9.3,145.07,48.21,28.59,49.36,124.39,20.5,5.57,146.16,80.26,40.52,16.99,99.72
2017-07-13,60.79,53.48,103.04,146.07,51.13,70.88,91.64,8.8,142.99,47.39,28.17,49.06,123.43,20.85,5.35,145.05,79.0,40.42,16.96,99.99
2017-07-12,60.34,53.47,100.76,144.06,52.14,70.15,91.99,9.0,144.08,47.74,27.95,48.75,123.18,20.15,5.09,145.91,79.1,39.95,16.68,100.85
2017-07-11,59.41,51.29,100.07,143.85,52.01,69.48,90.97,9.2,142.06,47.2,26.76,49.0,121.59,20.1,4.75,142.93,78.6,39.35,16.77,100.2
2017-07-10,59.47,52.34,100.99,143.39,51.75,69.47,91.28,9.2,141.15,47.28,27.6,49.66,121.8,20.45,4.78,143.34,77.49,39.86,16.98,101.99
2017-07-07,59.24,52.71,101.75,142.52,52.15,69.67,92.68,8.35,142.05,47.48,29.19,48.98,121.94,20.85,4.89,142.22,77.23,40.28,17.92,103.45
2017-07-06,58.84,51.73,102.98,141.09,51.87,69.38,91.3,7.9,139.96,46.99,28.69,47.77,120.7,20.25,4.85,140.75,76.11,40.14,17.9,101.78
2017-07-05,59.38,50.95,105.02,142.43,52.88,70.1,93.97,7.3,142.38,48.03,29.64,50.5,121.79,20.5,4.53,141.21,76.51,40.83,17.76,102.4
2017-07-03,58.75,50.08,118.2,141.85,53.19,70.04,93.46,6.6,142.29,47.75,28.47,49.08,121.67,20.1,4.44,138.41,74.91,40.5,17.96,100.77
2017-06-30,58.93,50.01,116.38,142.36,52.57,70.13,93.29,6.4,143.3,47.65,27.89,49.38,121.42,19.7,4.49,141.44,76.57,40.42,17.49,100.81
2017-06-29,58.42,49.32,115.85,142.03,52.23,70.1,94.5,6.25,140.24,47.77,28.68,49.6,120.74,19.55,4.59,141.24,76.51,39.69,17.58,99.83
2017-06-28,58.88,48.95,116.5,144.15,53.27,70.53,95.11,6.2,142.41,47.52,28.26,49.35,121.48,19.75,4.78,143.81,77.95,40.18,17.19,101.03
2017-06-27,58.37,48.2,121.75,142.08,52.66,70.02,94.28,6.2,140.47,47.71,27.64,47.58,119.96,19.05,4.69,142.54,76.91,40.05,16.88,99.87
2017-06-26,58.73,48.48,121.58,144.14,52.49,70.35,94.73,5.95,142.78,47.94,29.01,47.84,120.11,19.2,4.82,144.96,79.3,40.34,17.39,100.57
2017-06-23,59.25,48.33,119.53,144.6,52.09,70.26,94.56,6.0,144.49,48.11,29.24,48.03,120.5,19.45,4.92,145.41,80.26,40.2,17.5,99.78
2017-06-22,60.08,48.67,120.49,143.95,51.29,70.78,95.1,5.6,144.73,48.3,28.68,47.56,119.85,18.65,4.89,143.69,80.04,40.08,16.82,100.27
2017-06-21,59.27,48.13,119.9,144.19,51.05,69.0,94.36,5.0,145.5,47.61,29.27,45.39,124.79,18.7,4.52,144.24,78.72,40.29,17.08,100.85
2017-06-20,59.81,47.74,123.3,143.34,50.72,68.88,92.03,4.9,144.46,47.81,28.22,45.42,124.22,18.15,4.4,140.91,77.95,40.52,17.23,100.83
2017-06-19,60.02,49.36,129.31,144.66,51.11,69.0,92.52,4.8,145.94,47.92,27.99,46.14,125.44,17.8,4.55,140.35,79.1,41.45,17.35,102.43
2017-06-16,58.99,48.49,129.87,140.63,50.43,68.72,91.32,4.7,143.39,47.26,27.1,45.26,125.23,17.25,4.57,137.84,78.78,41.57,17.49,101.82
2017-06-15,58.7,48.81,130.86,142.63,51.14,68.28,93.19,4.75,142.88,47.17,26.28,46.0,124.71,17.1,4.57,137.52,78.49,41.38,17.25,100.53
2017-06-14,58.86,49.09,130.3,143.49,51.34,68.21,92.67,4.95,142.3,46.7,27.38,46.19,124.93,17.25,4.66,138.25,79.66,41.07,17.27,99.62
2017-06-13,58.77,49.15,131.33,144.9,51.23,67.38,91.78,5.0,140.65,46.52,27.25,45.4,124.75,17.1,4.76,139.09,79.95,41.38,17.28,100.23
2017-06-12,58.48,49.18,130.66,143.75,50.84,67.25,91.15,4.7,139.97,46.24,27.08,45.09,123.99,17.2,4.9,137.25,78.48,41.44,17.41,99.91
2017-06-09,58.7,49.96,128.07,147.27,51.4,67.38,90.89,5.05,141.23,46.35,27.4,45.04,123.52,16.9,4.96,138.05,77.36,41.04,17.56,98.5
2017-06-08,59.63,51.12,125.64,153.21,50.04,66.5,90.37,5.0,142.84,45.8,26.14,44.01,123.87,16.2,5.07,142.63,81.14,41.03,17.4,99.15
2017-06-07,60.1,50.55,130.33,153.58,50.55,66.49,90.72,5.0,142.06,45.64,25.45,43.57,124.24,15.25,5.1,143.62,79.55,40.94,17.5,99.32
2017-06-06,59.58,49.44,131.01,152.67,49.97,65.64,90.49,5.05,142.15,45.44,26.16,43.06,124.02,15.35,5.11,143.03,78.39,40.97,17.01,99.01
2017-06-05,59.88,49.44,135.27,152.16,50.02,65.3,92.09,5.25,141.81,45.7,26.51,43.51,124.27,15.3,5.23,143.59,77.07,40.97,17.08,98.91
2017-06-02,60.28,49.22,137.49,153.66,50.3,65.04,92.35,5.35,141.55,45.58,26.93,43.69,123.44,15.2,5.32,143.48,79.18,41.24,16.88,98.8
2017-06-01,60.2,48.75,136.79,151.42,48.94,64.52,91.92,5.5,141.0,45.19,26.82,43.74,123.0,14.7,5.44,141.38,80.46,40.85,16.27,101.11
2017-05-31,59.82,48.11,133.33,151.0,47.99,63.85,90.57,5.35,137.43,44.76,25.71,41.34,122.2,13.8,5.28,141.86,83.93,40.61,15.38,100.16
2017-05-30,59.85,47.67,132.69,151.9,49.33,63.85,89.83,5.6,139.72,44.11,25.65,41.31,121.51,14.1,5.33,142.41,82.99,41.13,15.42,99.33
2017-05-26,58.99,48.44,133.86,151.84,48.96,63.89,89.81,5.55,138.59,43.83,26.02,42.14,120.65,14.25,5.32,141.89,81.04,41.46,15.65,99.16
2017-05-25,58.78,47.73,131.67,152.1,48.41,64.14,89.91,5.7,135.88,43.08,26.27,42.52,120.85,14.55,5.3,142.85,80.58,41.63,15.55,98.97
2017-05-24,58.72,46.48,132.72,151.58,48.13,63.77,88.79,5.9,134.9,42.67,27.36,42.64,119.72,15.15,5.32,141.12,80.37,41.56,16.01,97.82
2017-05-23,58.15,46.37,140.34,152.03,47.58,63.68,88.02,5.9,134.74,42.82,27.55,43.16,119.92,15.1,5.34,139.52,80.21,42.04,15.52,97.38
2017-05-22,55.59,45.93,147.04,152.22,47.3,63.29,88.31,5.95,135.8,42.87,28.01,43.7,120.47,15.3,5.41,138.86,80.34,40.54,15.8,97.3
2017-05-19,55.64,44.94,151.13,151.3,46.65,63.43,87.99,6.15,134.43,42.31,27.85,43.56,118.77,15.25,5.39,136.43,79.51,40.54,14.98,96.49
2017-05-18,55.36,44.38,148.18,150.78,46.04,63.48,85.55,6.0,133.24,42.13,27.31,42.53,118.2,15.2,5.41,134.54,78.76,40.35,14.98,96.22
2017-05-17,55.29,44.65,144.24,148.52,46.49,63.23,84.79,5.95,130.54,42.23,27.06,42.54,118.24,15.0,5.51,134.33,76.75,40.55,14.74,95.19
2017-05-16,56.34,46.65,144.92,153.68,47.54,64.66,87.58,6.15,133.84,42.83,28.4,43.52,120.89,15.5,5.54,138.03,79.32,40.93,15.28,96.19
2017-05-15,56.21,46.39,145.52,153.91,47.56,64.48,88.36,6.2,134.51,43.17,28.53,43.83,120.02,15.65,5.13,137.6,78.5,40.85,15.84,96.32
2017-05-12,55.67,45.55,144.69,154.3,46.83,63.89,87.21,6.25,131.42,43.09,29.01,44.66,118.75,15.7,5.13,136.84,76.95,40.67,16.04,95.07
2017-05-11,55.74,46.16,145.62,152.18,48.21,63.16,87.32,6.1,130.85,42.99,28.8,44.4,118.59,16.2,4.78,136.29,76.77,40.74,16.22,94.37
2017-05-10,55.78,46.91,145.83,150.87,48.26,63.82,86.61,5.9,131.8,43.62,29.06,44.29,118.99,15.7,4.84,136.15,77.34,40.99,17.09,94.54
2017-05-09,56.38,46.69,145.79,151.59,47.47,64.0,86.03,5.8,130.88,43.79,32.26,43.37,118.86,16.1,4.93,135.6,76.83,41.06,16.87,94.98
2017-05-08,55.83,44.57,146.64,150.63,47.34,64.04,85.09,5.65,130.78,43.8,31.79,43.86,118.9,15.8,5.0,135.12,74.75,41.64,16.87,94.61
2017-05-05,56.15,44.14,144.65,146.64,47.14,64.79,84.4,5.55,133.03,43.76,32.74,44.99,119.3,16.05,5.28,134.84,74.17,41.13,17.4,97.14
2017-05-04,56.21,43.55,144.48,144.25,46.87,65.02,85.03,5.65,130.81,43.71,32.35,45.76,118.61,16.15,5.18,134.61,74.05,41.1,17.41,96.96
2017-05-03,55.67,43.56,142.5,144.77,46.73,64.55,81.24,5.35,129.89,42.86,32.45,45.27,118.1,16.0,5.25,134.85,73.99,40.04,17.04,95.4
2017-05-02,55.44,43.51,142.23,145.21,46.19,64.44,81.23,5.75,134.28,42.74,32.77,45.39,118.48,16.1,5.3,135.0,73.9,40.39,16.45,101.76
2017-05-01,55.32,41.73,140.21,144.3,45.32,64.3,81.06,5.65,133.57,42.62,34.41,43.94,119.04,16.5,5.36,135.11,74.59,44.33,16.67,101.72
2017-04-28,54.57,42.27,141.82,141.41,44.52,63.78,80.63,5.65,130.32,42.78,34.33,43.58,119.09,16.15,5.39,133.74,74.57,44.35,16.38,102.23
2017-04-27,54.95,43.62,142.87,141.55,48.79,63.9,80.7,5.6,130.92,42.79,33.83,42.41,118.29,15.55,5.56,133.38,76.19,44.38,16.51,102.88
2017-04-26,54.35,46.02,145.45,141.44,48.66,62.91,79.84,5.8,130.08,42.93,33.66,42.19,116.81,16.5,5.56,132.79,76.32,43.88,16.58,102.59
2017-04-25,54.33,46.23,145.34,142.28,48.39,62.96,80.08,5.45,129.16,42.89,34.71,43.58,116.52,16.5,5.48,133.49,77.66,44.18,16.36,102.74
2017-04-24,53.97,46.06,146.77,141.4,48.73,62.54,79.54,5.25,129.25,43.26,33.72,43.56,117.18,16.0,5.4,132.89,77.53,43.99,15.85,101.89
2017-04-21,52.81,44.78,146.51,140.05,48.34,61.73,79.85,5.2,125.03,42.67,32.21,43.08,117.05,15.85,5.46,131.52,75.97,43.44,15.57,100.47
2017-04-20,52.67,44.85,146.23,140.22,48.27,61.69,80.94,5.2,125.21,43.11,32.59,42.84,117.03,15.95,5.68,131.42,76.98,43.52,15.62,100.81
2017-04-19,52.61,44.03,142.1,138.49,47.49,61.37,80.43,5.05,123.12,42.73,32.35,42.73,114.81,16.0,5.41,130.22,75.35,43.23,15.67,99.86
2017-04-18,52.57,43.45,140.59,139.0,46.94,61.56,81.13,4.85,121.17,42.57,32.44,42.78,114.12,16.15,5.65,129.81,75.76,44.02,15.93,99.72
2017-04-17,53.0,43.87,140.52,139.62,46.92,62.2,85.14,4.95,120.73,42.45,33.37,42.9,113.61,16.65,5.88,129.99,74.76,43.31,16.04,99.66
2017-04-13,51.88,42.99,140.57,138.85,45.99,62.03,85.17,4.85,124.61,41.83,33.48,42.61,112.76,16.8,5.72,129.05,74.88,42.92,16.16,99.07
2017-04-12,52.09,43.6,141.42,139.59,46.52,62.26,85.32,4.9,125.48,42.62,33.09,43.0,113.47,16.9,5.77,129.38,75.23,43.28,16.11,99.74
2017-04-11,52.37,43.57,143.14,139.42,47.25,62.07,86.35,4.85,125.87,42.72,32.9,43.31,113.96,16.95,5.78,129.95,76.41,43.17,16.23,99.88
2017-04-10,52.26,41.97,142.52,140.94,46.88,62.22,86.91,5.0,125.16,42.47,33.07,44.13,114.5,17.05,5.76,130.16,77.64,43.61,16.53,99.93
2017-04-07,52.38,41.47,141.73,141.11,46.9,62.77,86.1,5.05,125.49,42.7,32.36,43.46,114.11,16.6,5.7,130.22,78.3,43.51,16.77,99.98
2017-04-06,52.69,41.38,142.24,141.42,46.79,62.33,86.12,5.15,125.54,42.55,32.41,43.97,113.5,17.05,5.5,130.15,78.61,43.86,16.75,99.55
2017-04-05,52.25,40.97,142.42,141.78,46.76,62.21,85.67,5.15,123.4,42.67,32.67,44.12,114.31,17.05,6.01,129.89,78.33,43.87,16.85,99.72
2017-04-04,52.16,40.56,142.72,142.52,46.86,62.35,85.43,5.1,124.08,43.04,33.53,43.87,114.7,18.05,6.07,130.04,79.51,44.02,16.73,99.26
2017-04-03,52.74,42.1,145.17,141.46,48.01,62.28,85.82,5.1,125.05,43.33,34.05,42.86,114.31,18.4,5.83,129.59,79.51,44.4,17.05,99.08
2017-03-31,52.41,41.95,147.93,141.42,47.95,62.4,86.97,5.0,125.2,43.27,34.38,43.6,116.48,21.0,5.51,130.13,80.2,44.63,17.5,100.17
2017-03-30,52.73,42.19,148.34,141.69,47.79,62.69,87.6,5.0,125.0,43.4,34.1,43.78,117.1,26.75,5.31,129.61,80.45,44.7,17.26,99.96
2017-03-29,52.53,41.61,149.33,141.88,48.14,62.99,87.96,5.05,124.88,43.52,35.86,43.65,117.55,26.95,4.93,129.58,80.16,44.82,17.49,99.92
2017-03-28,52.84,42.25,148.03,141.56,47.67,63.19,85.99,4.85,125.05,43.55,35.71,43.59,117.91,26.1,4.59,128.69,80.45,44.32,17.45,101.05
2017-03-27,52.65,41.4,147.47,138.69,47.74,63.3,85.97,4.85,125.26,43.55,35.65,44.04,116.01,26.4,4.57,128.25,79.66,43.96,17.47,100.68
2017-03-24,52.49,41.39,149.39,138.45,47.54,62.84,85.06,4.8,124.89,43.58,34.83,41.93,115.61,25.4,4.28,127.7,79.9,44.18,17.46,101.14
2017-03-23,52.59,41.07,150.44,138.73,47.55,62.87,84.5,4.7,123.75,43.62,34.45,39.57,117.34,25.4,4.27,126.87,79.8,44.21,17.46,101.28
2017-03-22,52.54,40.02,150.93,139.22,47.9,62.75,84.39,4.75,123.47,43.66,34.93,39.47,122.9,25.55,4.3,126.21,80.37,44.21,17.47,101.44
2017-03-21,52.07,40.09,150.82,137.66,47.21,62.58,84.42,4.85,122.27,43.65,35.01,39.74,121.11,25.6,4.29,125.07,80.06,43.57,17.23,100.89
2017-03-20,52.56,41.36,152.04,139.26,48.61,63.01,85.41,5.05,123.59,43.82,37.19,40.78,120.87,27.0,4.62,126.31,81.13,43.47,17.69,102.19
2017-03-17,52.72,41.38,152.0,137.81,48.77,62.91,86.02,5.05,123.97,44.03,37.13,41.63,121.67,26.85,4.75,127.01,81.48,43.35,17.45,102.84
2017-03-16,52.46,41.78,153.0,138.5,48.48,63.11,86.48,5.1,122.91,43.82,37.5,42.0,120.58,27.7,4.75,122.35,80.96,43.47,17.49,101.99
2017-03-15,53.5,41.74,152.52,138.27,48.33,63.73,87.93,5.2,122.97,44.15,38.2,42.11,121.26,28.1,4.75,122.11,81.73,43.63,17.71,102.41
2017-03-14,51.63,40.87,153.3,136.83,48.18,62.89,87.27,5.25,120.53,43.65,37.53,42.77,120.4,27.3,4.73,121.44,81.9,43.3,17.25,101.72
2017-03-13,51.87,42.02,153.94,137.03,48.63,63.06,87.6,5.55,121.69,44.36,37.47,42.81,120.53,28.3,4.89,121.8,80.99,43.33,17.46,102.57
2017-03-10,51.57,43.54,153.56,136.97,48.48,63.09,86.78,5.1,121.21,44.54,36.83,42.69,120.42,28.15,4.61,121.09,80.45,43.66,17.1,102.29
2017-03-09,50.86,42.97,154.74,136.52,48.34,61.77,87.08,5.25,120.17,44.46,36.47,43.09,119.69,30.15,4.23,119.91,81.4,43.06,17.15,101.16
2017-03-08,50.84,44.52,154.8,136.84,48.54,61.42,87.54,5.0,120.13,44.19,36.54,43.6,120.93,28.3,4.24,119.6,81.7,42.64,16.84,101.47
2017-03-07,50.64,44.47,151.59,137.35,48.92,60.99,86.95,5.05,120.03,43.84,36.21,43.49,120.62,27.2,4.2,119.98,81.63,43.1,16.97,101.46
2017-03-06,50.68,44.94,153.84,137.17,48.91,60.86,88.43,4.95,119.79,43.97,36.79,44.35,119.75,27.15,4.35,120.15,82.06,43.39,17.47,102.12
2017-03-03,51.4,46.43,154.94,137.6,48.7,60.66,90.63,5.0,120.73,44.09,36.89,45.53,120.14,27.25,4.61,120.04,81.41,43.81,17.77,101.68
2017-03-02,50.81,45.34,156.94,136.8,49.23,60.57,90.35,5.05,120.05,44.51,35.8,44.53,120.83,27.2,4.17,119.9,81.87,44.09,17.42,101.26
2017-03-01,51.46,46.7,156.27,137.61,49.81,60.17,90.63,5.45,121.29,44.42,36.63,44.9,120.55,27.48,3.96,120.35,81.97,45.08,18.26,101.71
2017-02-28,50.73,45.98,156.2,134.86,49.29,59.22,89.93,5.4,117.97,43.92,38.11,44.72,119.03,26.45,4.03,118.34,80.18,45.53,18.5,99.85
2017-02-27,51.08,45.94,156.53,134.8,50.52,59.59,90.14,5.55,117.94,44.29,39.85,44.79,119.31,27.4,4.11,118.78,80.53,43.98,18.08,99.93
2017-02-24,51.16,45.9,156.91,134.53,49.05,59.46,90.57,5.25,117.14,44.5,38.88,44.94,119.93,24.9,3.95,119.31,79.94,43.87,17.2,100.22
2017-02-23,50.9,45.72,157.3,134.4,48.57,59.32,90.02,5.0,116.89,44.23,39.56,43.24,119.01,25.0,3.95,118.83,79.87,43.71,17.25,98.9
2017-02-22,50.77,45.94,159.26,134.97,49.1,58.76,89.76,5.1,117.0,43.85,39.14,42.64,118.75,25.25,4.06,119.47,80.31,43.35,17.12,97.71
2017-02-21,50.78,46.42,160.72,134.57,49.42,59.21,89.44,5.25,117.81,43.85,39.2,43.07,118.64,25.3,4.2,119.63,80.61,43.44,17.2,96.54
2017-02-17,51.05,46.52,161.15,133.61,48.96,59.16,89.19,6.0,116.57,43.54,39.28,42.59,117.79,25.3,4.11,119.67,80.28,43.32,17.28,96.99
2017-02-16,50.27,46.58,160.56,133.24,48.36,58.88,88.76,6.15,114.25,43.06,39.22,41.92,117.3,25.3,4.19,118.93,79.79,42.75,17.09,97.18
2017-02-15,51.04,47.15,163.45,133.4,48.43,59.04,89.24,5.9,110.62,42.87,39.47,41.76,116.53,25.4,4.36,118.73,79.43,42.8,17.21,96.96
2017-02-14,49.83,46.19,163.94,132.92,48.4,58.25,88.89,5.5,108.96,42.53,39.69,40.24,116.6,23.85,4.19,117.58,75.77,42.08,17.07,96.76
2017-02-13,49.96,47.02,161.96,131.21,48.69,57.95,88.56,5.2,107.38,42.11,37.24,39.35,115.23,24.4,4.11,117.65,75.84,42.06,16.64,95.92
2017-02-10,49.8,46.07,163.62,130.06,49.55,57.86,89.23,5.1,108.64,41.64,37.09,38.88,114.27,24.8,4.31,116.85,74.49,42.18,16.82,95.18
2017-02-09,49.91,45.92,164.39,130.36,49.58,58.26,89.7,5.05,108.45,41.45,37.95,38.92,113.67,24.65,4.24,116.44,74.47,41.9,16.85,95.02
2017-02-08,49.37,44.59,162.3,129.42,49.24,57.96,89.14,5.1,108.73,41.31,38.54,38.47,112.16,20.4,4.33,116.13,75.42,41.82,16.56,93.97
2017-02-07,49.09,44.7,158.76,128.92,49.91,58.0,88.41,5.35,109.94,41.79,38.19,38.28,112.64,21.2,4.54,114.96,74.28,42.91,16.16,93.69
2017-02-06,48.72,44.83,159.85,127.71,50.34,58.08,88.07,5.0,110.5,41.34,37.85,38.18,110.94,21.95,4.53,114.46,73.52,42.36,16.28,93.87
2017-02-03,48.83,43.74,162.32,126.52,50.69,58.1,87.38,4.85,104.96,41.68,36.61,38.8,111.25,21.55,4.54,115.17,73.51,42.33,16.37,94.26
2017-02-02,48.36,43.55,161.91,125.98,50.22,58.31,86.18,4.9,104.1,41.65,35.23,38.3,110.42,21.1,4.48,113.16,73.23,42.33,16.08,93.72
2017-02-01,48.71,43.59,160.17,126.2,50.33,58.31,86.73,4.65,105.59,41.24,34.49,38.49,110.0,20.95,4.5,113.36,74.14,42.12,15.94,92.68
2017-01-31,48.42,43.79,163.81,118.94,50.24,58.52,85.43,4.6,106.37,40.7,34.59,38.37,110.64,20.5,4.31,113.38,72.94,42.59,15.87,98.27
2017-01-30,47.14,44.43,164.2,119.22,49.16,57.87,81.84,4.6,106.15,39.95,32.6,38.0,111.38,19.6,4.19,113.82,74.25,42.47,14.87,99.22
2017-01-27,48.11,46.46,163.94,119.53,48.72,57.46,80.68,4.8,108.85,39.94,31.93,38.39,112.08,20.2,4.33,113.99,74.88,42.84,15.96,98.97
2017-01-26,47.63,49.07,165.06,119.52,46.54,58.68,81.62,4.9,106.09,39.91,31.37,39.02,112.64,20.95,4.23,112.88,72.22,42.87,15.89,99.29
2017-01-25,47.87,47.41,167.06,119.46,47.33,58.78,84.01,4.85,114.82,39.27,31.13,39.93,114.24,21.15,4.36,114.25,72.55,43.5,16.16,99.93
2017-01-24,46.82,47.04,167.85,117.59,47.18,58.02,82.62,4.8,112.3,39.27,30.14,39.4,113.18,20.85,4.2,113.72,71.55,42.98,15.95,100.45
2017-01-23,46.86,46.45,167.34,117.7,47.58,58.38,83.08,4.9,111.57,39.3,30.37,38.54,111.57,20.7,4.26,110.97,70.84,43.03,16.12,99.44
2017-01-20,47.09,47.5,171.05,117.62,47.8,58.56,81.97,5.0,111.84,39.42,31.02,38.47,111.81,21.0,4.51,110.71,70.94,43.05,16.17,100.45
2017-01-19,47.11,46.77,171.27,117.41,47.8,58.78,83.65,5.0,112.21,39.36,31.43,38.19,112.23,20.7,4.48,109.79,70.51,42.83,16.42,100.19
2017-01-18,47.71,47.14,173.52,117.61,47.82,59.05,83.69,5.1,113.27,39.71,32.31,39.0,112.66,21.1,4.43,108.79,71.06,43.26,16.61,100.13
2017-01-17,47.78,46.26,172.54,117.62,47.39,59.24,84.16,5.2,114.02,39.85,31.35,38.03,112.74,20.5,4.43,108.0,70.35,43.01,16.26,100.29
2017-01-13,48.15,47.15,174.33,116.68,48.48,59.37,82.82,5.3,115.67,39.88,31.77,37.95,113.64,21.4,4.53,108.53,70.73,41.92,17.13,100.97
2017-01-12,47.98,47.6,174.01,116.89,48.78,58.69,82.08,5.35,112.37,39.67,31.78,38.0,112.5,20.8,4.32,108.59,70.3,41.81,16.73,101.0
2017-01-11,48.7,48.13,172.97,117.38,49.51,58.55,79.8,5.35,111.27,40.02,29.87,37.99,112.83,20.75,4.22,108.99,70.68,42.35,16.71,100.42
2017-01-10,47.56,47.97,169.47,116.75,47.91,60.74,83.03,5.8,112.24,39.97,31.47,37.5,111.8,21.35,4.16,108.26,70.42,42.79,17.34,99.44
2017-01-09,47.6,46.59,169.08,116.63,54.25,60.88,83.66,6.05,117.11,39.44,32.69,37.91,111.74,21.3,4.07,108.57,70.02,43.07,18.09,99.71
2017-01-06,47.46,45.73,169.18,115.57,52.85,60.48,83.0,6.1,115.42,39.48,32.64,36.0,113.0,21.15,4.07,108.3,69.69,43.04,19.02,100.33
2017-01-05,46.02,45.41,171.43,114.3,51.92,60.46,81.9,5.6,114.81,38.43,31.68,35.16,111.73,20.75,4.13,105.91,69.42,44.05,18.05,100.26
2017-01-04,46.58,46.21,171.55,113.72,52.71,60.01,82.86,5.35,115.74,38.1,31.94,35.72,113.43,20.5,4.14,104.14,70.43,44.37,18.0,100.86
2017-01-03,45.97,45.82,170.15,113.85,52.88,59.17,80.86,5.0,112.36,37.8,28.77,32.89,113.16,19.5,4.12,103.48,70.58,44.45,16.59,100.71
2016-12-30,45.05,46.2,168.67,113.52,52.03,59.37,76.53,4.85,112.68,37.18,28.84,33.1,113.81,18.8,4.05,102.95,70.68,43.93,16.9,100.01
2016-12-29,45.13,46.76,169.83,114.42,52.1,59.47,77.66,4.9,113.58,37.08,28.79,33.61,113.69,18.35,4.05,103.68,71.62,43.65,17.43,100.66
2016-12-28,45.08,47.17,169.97,114.45,50.98,59.04,76.69,5.1,112.78,37.0,28.52,33.48,113.31,18.15,4.04,103.77,71.6,43.63,17.14,100.27
2016-12-27,45.86,48.1,171.39,114.94,51.64,59.26,77.15,5.2,113.74,37.37,28.95,33.96,114.22,18.35,4.16,104.98,72.33,43.93,17.2,100.52
2016-12-23,45.55,47.97,170.44,114.21,51.25,59.1,76.89,4.8,112.38,37.19,29.75,34.68,114.15,18.15,4.05,105.02,71.87,43.45,17.42,100.15
2016-12-22,45.33,48.18,169.94,113.98,50.49,58.46,76.16,4.65,111.55,37.07,27.67,34.75,114.45,18.15,3.99,104.72,71.49,43.48,16.64,99.83
2016-12-21,45.4,48.95,173.05,114.74,50.9,58.26,77.18,4.25,113.56,37.02,27.46,33.92,114.56,18.5,4.0,105.51,71.64,44.39,16.35,99.71
2016-12-20,45.56,48.71,175.11,114.63,50.68,58.93,77.62,4.45,113.1,36.97,28.57,33.86,120.58,18.65,4.05,105.77,71.44,44.48,16.6,99.57
2016-12-19,44.79,48.07,173.3,114.33,51.13,58.99,76.75,4.65,116.77,37.11,25.43,34.87,120.15,18.7,3.83,105.29,70.87,44.34,16.17,98.36
2016-12-16,45.27,47.13,171.4,113.67,52.38,58.99,75.74,4.5,117.54,36.88,25.98,35.16,119.51,20.1,3.95,103.55,70.17,44.76,15.98,98.13
2016-12-15,45.91,47.8,172.4,113.52,53.22,58.8,75.04,4.7,118.67,37.68,26.01,34.5,121.02,21.4,3.76,105.1,71.65,44.02,15.58,96.1
2016-12-14,45.49,47.42,171.0,112.91,53.4,58.47,75.41,4.85,119.2,37.58,24.94,33.31,120.15,20.7,3.98,105.81,70.61,43.87,15.48,95.05
2016-12-13,45.74,47.34,171.36,112.91,54.25,58.77,77.36,4.9,118.66,38.18,24.87,34.6,121.85,21.15,3.98,106.15,71.15,44.65,15.66,95.74
2016-12-12,45.49,47.09,172.48,111.05,54.08,58.82,76.41,4.45,119.06,37.95,25.28,35.88,120.11,21.2,3.92,105.16,70.96,45.25,15.64,95.41
2016-12-09,45.65,49.12,175.06,111.69,53.31,58.35,77.22,5.15,116.92,37.95,26.76,36.84,119.82,21.4,4.16,104.31,71.19,44.81,15.66,95.57
2016-12-08,45.16,47.55,175.99,109.9,53.03,57.74,75.25,5.8,118.08,37.44,27.24,37.25,118.29,21.2,4.2,103.5,71.91,44.24,15.91,95.54
2016-12-07,44.36,48.14,176.25,108.83,52.41,56.88,74.76,5.95,116.65,37.25,27.08,36.19,118.13,20.5,4.2,103.36,71.0,43.5,15.51,94.94
2016-12-06,44.21,45.94,172.79,107.77,51.95,58.42,77.2,5.9,112.94,37.19,28.25,38.28,115.05,21.65,4.32,101.55,69.11,43.0,15.75,92.86
2016-12-05,43.91,45.24,170.02,106.95,50.35,57.7,77.85,5.9,109.95,37.2,27.79,38.79,114.38,21.2,4.21,101.95,68.72,42.25,15.54,92.9
2016-12-02,43.41,45.62,169.63,107.72,49.89,56.35,77.13,6.2,108.87,36.69,27.15,37.92,113.97,20.3,4.05,99.73,68.24,42.34,15.53,92.12
2016-12-01,42.61,45.27,170.25,107.32,50.42,56.09,76.15,6.2,107.39,36.4,26.48,38.08,114.33,20.25,4.16,99.51,67.17,42.64,14.55,92.63
2016-11-30,43.36,45.95,169.21,108.33,50.86,57.64,76.33,6.25,112.24,36.85,26.99,38.01,116.05,20.8,4.17,102.81,72.26,41.6,15.0,92.87
2016-11-29,43.86,46.4,169.29,109.25,51.48,58.39,75.98,6.55,112.09,37.49,27.65,38.02,117.51,20.65,4.39,104.95,72.14,41.16,15.15,93.86
2016-11-28,42.99,46.01,170.26,109.36,51.06,56.37,77.37,6.9,112.22,37.5,27.33,37.58,117.34,20.6,4.83,104.5,71.78,41.49,15.21,93.41
2016-11-25,44.26,46.33,170.35,109.57,52.48,57.37,76.9,7.05,113.67,37.91,28.04,38.13,117.32,21.18,4.98,105.02,71.82,41.91,16.01,93.74
2016-11-23,44.03,45.86,170.53,109.03,51.86,57.06,77.03,7.0,112.85,37.73,28.22,37.97,116.42,21.7,4.93,104.21,71.23,41.62,16.05,93.48
2016-11-22,43.84,45.6,169.78,109.58,50.52,55.87,76.74,6.95,111.02,36.88,26.72,38.29,116.09,20.8,5.09,105.21,70.55,41.87,15.29,93.23
2016-11-21,44.34,45.6,166.4,109.52,51.38,57.28,76.78,7.25,115.81,38.49,28.63,38.71,116.29,20.4,5.13,105.65,67.58,42.01,15.81,92.46
2016-11-18,44.41,45.78,162.09,107.88,51.3,57.38,77.53,7.25,113.41,38.57,29.53,38.58,115.07,21.3,4.98,105.02,66.27,41.85,15.97,91.3
2016-11-17,45.3,45.35,165.82,107.77,52.02,58.5,78.46,7.25,113.6,39.1,29.1,38.34,115.02,21.25,4.88,105.81,66.02,41.38,16.1,91.29
2016-11-16,45.53,43.99,162.49,107.81,51.52,58.35,76.83,7.0,111.55,38.67,28.55,37.87,114.0,20.4,4.85,104.08,65.7,41.63,16.07,90.21
2016-11-15,44.76,44.29,163.84,104.99,52.1,59.61,77.48,7.2,111.59,38.54,28.47,38.22,112.7,20.85,4.87,103.66,66.02,41.85,16.1,89.31
2016-11-14,44.7,42.95,142.47,103.61,51.55,59.7,79.23,7.4,110.01,37.95,29.06,39.08,113.93,21.4,5.2,102.42,64.32,41.27,16.42,88.88
2016-11-11,45.72,42.48,144.59,106.28,50.37,59.83,76.89,6.45,110.01,38.86,28.81,38.78,115.8,20.75,5.01,103.68,63.22,39.87,15.94,88.1
2016-11-10,46.37,41.86,145.39,105.65,49.09,60.68,77.54,6.0,107.25,39.31,29.74,39.95,116.92,20.6,5.02,104.08,62.19,43.17,15.88,88.4
2016-11-09,45.3,41.97,139.91,108.68,48.62,59.39,73.66,6.1,106.02,38.79,28.87,39.48,113.89,19.95,4.87,107.86,62.88,44.22,15.69,87.92
2016-11-08,44.98,41.26,137.26,108.86,47.46,55.76,67.25,5.3,107.91,38.56,26.84,38.92,116.42,18.0,4.49,108.39,62.77,45.59,14.49,88.16
2016-11-07,45.07,41.06,137.13,108.22,47.05,55.85,70.08,5.55,107.34,38.59,22.99,39.23,116.57,17.8,4.4,108.66,62.29,44.95,14.26,87.63
2016-11-04,43.7,39.32,135.78,106.68,45.57,53.13,68.65,5.55,104.7,37.84,21.69,37.32,113.91,16.9,4.18,106.2,61.39,44.83,13.93,86.16
2016-11-03,43.05,38.97,138.44,107.65,45.11,52.99,70.46,5.7,102.51,37.15,20.87,36.64,113.64,16.45,3.77,107.17,61.8,45.32,12.24,86.4
2016-11-02,42.65,39.2,137.73,108.82,45.39,53.84,74.0,6.35,104.17,37.46,22.0,37.09,115.25,17.55,4.16,105.89,61.61,45.15,13.56,87.03
2016-11-01,42.88,39.28,139.37,108.72,45.62,53.52,67.99,6.5,105.75,37.8,22.93,35.3,112.85,17.75,4.36,106.87,61.56,44.67,14.0,84.07
2016-10-31,42.96,40.07,139.66,110.72,46.94,52.89,68.51,6.55,104.99,37.98,23.31,35.96,112.95,17.7,4.35,107.51,62.04,41.63,13.74,84.21
2016-10-28,42.62,39.54,139.78,110.9,46.6,54.61,67.36,7.05,105.13,38.28,22.57,36.84,112.39,17.7,4.33,107.6,61.49,41.65,13.71,84.3
2016-10-27,42.77,39.39,138.8,111.64,46.34,58.27,77.45,7.25,103.32,39.0,22.56,36.96,112.19,18.25,4.37,107.07,61.24,41.16,14.33,83.82
2016-10-26,42.76,38.81,143.53,112.72,46.25,57.85,77.32,7.45,111.53,38.68,23.18,37.68,112.18,19.75,4.91,107.97,61.4,41.35,14.35,84.33
2016-10-25,42.9,39.18,143.38,115.31,49.84,58.36,78.32,8.0,121.97,38.9,23.61,38.69,112.0,19.6,5.01,109.03,62.0,40.64,14.52,84.63
2016-10-24,45.21,39.31,140.68,114.73,52.09,57.95,77.98,8.2,125.61,39.12,23.72,39.43,112.52,20.1,4.91,110.81,61.96,40.62,14.51,84.8
2016-10-21,44.93,39.38,141.51,113.7,51.68,57.82,77.96,8.34,124.85,39.2,25.34,39.26,112.31,20.1,5.19,109.03,60.89,40.43,14.59,83.88
2016-10-20,45.41,40.06,140.88,114.15,51.87,58.55,78.66,8.7,125.27,39.44,23.95,39.69,112.76,20.2,5.32,109.03,61.43,40.3,14.55,84.0
2016-10-19,45.38,40.1,141.81,114.21,51.52,58.24,78.28,7.76,127.87,38.73,23.41,40.42,113.51,20.05,5.26,108.39,59.92,40.34,14.24,84.57
2016-10-18,44.8,38.84,142.56,114.55,51.73,58.36,79.0,7.95,129.07,39.85,24.33,45.19,113.02,20.15,5.25,108.42,60.14,40.11,14.68,84.52
2016-10-17,44.52,38.08,142.84,114.63,51.49,57.02,77.69,6.8,127.95,39.29,24.33,43.44,112.37,19.8,5.26,107.49,59.72,39.99,14.52,84.38
2016-10-14,44.45,38.15,146.2,114.71,51.11,57.05,77.73,6.74,127.06,39.49,23.67,42.81,113.72,19.63,5.57,107.84,60.07,40.25,14.45,84.69
2016-10-13,44.53,38.73,146.34,114.08,51.4,57.98,78.31,6.71,127.71,39.67,25.19,43.99,113.58,19.98,5.9,108.01,58.76,40.37,15.1,84.04
2016-10-12,44.83,36.9,147.52,114.43,51.62,58.03,78.53,6.54,127.34,39.67,25.78,45.04,113.11,19.0,6.01,108.05,59.22,40.5,15.25,84.02
2016-10-11,45.05,37.71,146.32,113.41,51.47,58.61,77.56,6.59,127.58,39.59,26.88,46.36,112.49,19.57,6.56,107.37,60.1,40.45,15.95,83.27
2016-10-10,47.02,38.39,147.62,113.17,52.93,59.48,77.59,6.86,131.74,41.84,27.21,47.44,112.96,20.19,6.65,109.24,61.31,41.34,16.61,84.89
2016-10-07,46.72,37.24,147.69,111.23,51.64,59.12,77.34,6.79,128.47,41.33,26.86,46.25,111.55,19.82,6.4,108.64,62.35,40.75,15.94,84.51
2016-10-06,46.64,37.68,148.27,111.06,51.38,59.03,78.08,6.56,128.5,41.33,27.39,47.76,113.98,20.71,6.79,108.56,62.66,41.24,16.0,84.69
2016-10-05,46.49,37.38,148.49,110.24,51.91,59.55,77.97,6.69,127.45,41.11,28.81,48.65,113.68,20.67,6.97,108.8,62.6,41.34,16.6,84.71
2016-10-04,46.17,37.14,146.1,110.19,51.29,59.18,78.45,6.01,127.37,40.5,29.1,49.51,113.71,20.46,6.92,108.39,62.18,40.88,16.38,84.31
2016-10-03,46.48,37.21,146.5,109.73,51.13,59.4,78.06,6.15,127.8,40.93,30.71,48.89,116.23,20.83,6.62,108.45,62.19,40.99,16.42,84.76
2016-09-30,46.43,36.14,148.68,110.24,50.76,59.25,78.7,6.0,128.58,40.68,31.81,49.55,117.49,20.88,7.05,108.54,62.38,40.29,16.41,85.31
2016-09-29,45.65,35.36,146.3,109.39,49.66,59.02,79.16,5.91,128.42,39.86,32.7,47.51,116.98,20.64,7.19,107.8,61.69,39.68,16.5,84.35
2016-09-28,46.4,35.38,148.56,111.12,50.03,60.33,81.06,5.74,129.89,40.68,33.68,47.74,112.18,21.99,7.3,109.49,61.88,39.99,17.46,84.59
2016-09-27,45.93,35.53,150.56,110.28,49.99,60.66,81.1,5.61,129.19,40.72,35.23,48.16,111.68,22.06,7.2,109.7,61.76,40.02,17.3,86.04
2016-09-26,45.8,34.48,149.65,110.08,49.72,60.19,80.59,6.11,126.72,40.09,34.3,48.03,109.37,22.99,7.13,107.26,60.28,40.03,17.65,85.3
2016-09-23,45.84,35.09,148.79,109.91,51.22,61.04,81.18,6.29,123.53,40.58,34.98,49.54,108.75,27.28,7.12,107.47,61.2,40.58,17.35,85.57
2016-09-22,45.9,34.79,148.71,111.77,51.96,61.14,81.44,6.39,126.37,40.61,34.98,50.32,109.3,27.22,7.12,107.92,61.63,41.07,18.07,86.53
2016-09-21,45.28,34.22,145.89,110.73,50.98,60.22,80.88,6.57,126.9,40.32,35.62,49.22,107.42,27.07,7.23,107.78,61.27,40.9,17.81,85.97
2016-09-20,44.96,34.7,145.4,110.75,50.62,59.45,79.97,5.78,125.1,40.0,35.98,50.2,106.46,26.36,7.08,100.62,60.34,40.27,18.09,84.91
2016-09-19,44.21,34.98,147.94,110.76,49.9,59.1,81.11,5.11,125.1,40.09,34.82,51.03,106.26,26.68,7.13,99.68,60.45,40.3,17.68,83.72
2016-09-16,44.05,35.03,147.61,112.07,48.35,59.44,81.94,4.86,124.93,40.27,34.15,51.82,105.67,26.34,7.37,98.93,60.06,40.16,17.42,83.91
2016-09-15,44.69,35.94,148.43,112.7,48.13,59.51,82.03,4.97,123.17,39.55,34.17,49.22,106.48,25.71,7.41,99.62,60.64,40.4,16.86,84.61
2016-09-14,44.12,35.92,150.21,108.99,47.09,59.5,81.69,4.99,118.52,39.26,33.41,50.19,105.59,25.06,7.5,98.79,58.96,40.11,16.45,83.85
2016-09-13,44.16,36.89,150.67,105.27,46.8,59.5,83.05,4.92,117.38,39.09,32.07,51.12,106.29,24.87,7.12,98.77,58.51,40.13,15.89,83.85
2016-09-12,45.0,37.84,152.85,102.82,47.35,60.2,84.71,5.03,119.34,39.84,32.47,51.83,108.44,24.94,7.5,100.32,58.67,41.05,15.77,85.25
2016-09-09,44.14,37.99,152.44,100.57,46.79,59.52,83.11,4.86,116.37,39.45,30.87,51.58,106.16,23.75,7.35,99.38,57.7,40.15,15.11,83.73
2016-09-08,46.25,38.84,158.33,102.9,48.53,60.18,85.02,5.14,119.87,40.26,33.09,52.97,107.99,24.88,7.31,101.88,59.44,41.31,16.13,86.54
2016-09-07,46.34,38.25,161.33,105.67,48.35,61.04,85.49,4.79,119.04,40.3,32.0,53.07,110.71,24.49,7.24,103.0,59.67,42.06,15.63,87.01
2016-09-06,46.18,36.48,159.6,105.03,48.64,60.7,85.37,4.69,117.98,40.55,31.43,51.69,110.94,24.45,6.75,103.5,60.71,41.98,15.19,86.4
2016-09-02,46.23,36.06,158.03,105.06,48.67,60.24,85.19,4.47,117.43,40.49,31.59,51.61,111.23,24.27,6.62,103.57,61.12,41.87,14.76,86.91
2016-09-01,46.22,35.77,158.22,104.08,49.56,60.15,84.9,4.29,117.63,40.69,32.1,50.33,110.65,24.34,6.62,102.9,61.03,41.22,15.07,87.14
2016-08-31,46.21,35.83,156.85,103.47,49.3,60.22,84.73,4.06,117.94,40.42,32.13,51.19,110.59,24.08,6.7,102.31,60.55,41.81,13.67,86.36
2016-08-30,46.37,36.57,156.13,103.37,50.0,60.27,83.82,4.1,119.34,41.2,32.54,51.19,110.93,24.53,7.15,102.0,60.88,41.28,12.99,86.34
2016-08-29,46.84,35.7,157.14,104.17,49.86,60.6,84.09,4.2,120.71,41.6,32.62,51.51,110.45,24.53,7.1,102.3,60.87,40.93,13.11,86.14
2016-08-26,46.54,35.76,156.3,104.28,49.43,60.7,83.54,4.31,118.76,41.34,32.86,50.75,110.78,24.3,7.15,102.06,60.94,40.5,13.11,86.34
2016-08-25,46.48,36.24,159.64,104.9,48.8,60.8,83.31,4.28,116.94,41.21,32.3,51.0,110.63,24.48,6.92,101.69,60.7,40.66,13.31,86.32
2016-08-24,45.93,36.18,159.82,105.35,48.5,61.12,86.11,4.34,117.4,41.53,32.46,51.1,110.18,24.29,6.99,101.14,60.69,41.39,13.72,86.23
2016-08-23,47.03,35.93,157.4,106.15,49.29,62.16,86.7,4.28,121.07,42.23,34.36,52.2,111.05,25.62,7.22,101.14,61.34,42.15,14.3,86.52
2016-08-22,46.8,35.53,157.93,105.82,48.88,62.95,86.46,4.16,120.67,42.49,34.32,52.02,109.4,25.94,7.21,100.24,61.38,41.85,14.11,86.45
2016-08-19,46.84,36.02,157.5,106.64,48.08,63.04,86.56,4.14,121.43,42.55,33.64,51.94,108.72,24.85,6.96,100.32,61.67,41.54,14.03,86.39
2016-08-18,45.95,36.2,156.9,106.37,48.4,62.73,86.68,4.37,121.52,42.67,33.27,51.97,108.04,25.0,7.06,100.67,61.66,41.63,14.32,86.37
2016-08-17,47.63,36.13,157.51,106.51,48.09,62.78,86.32,4.08,121.76,42.98,32.56,51.81,108.6,24.19,7.24,99.7,61.73,41.69,13.93,85.89
2016-08-16,47.49,36.27,159.86,106.66,48.54,62.7,86.82,3.93,122.46,43.21,32.37,52.72,108.65,24.05,7.46,100.6,62.38,41.53,14.01,86.12
2016-08-15,47.64,35.41,167.19,106.76,48.95,63.31,86.75,3.91,123.39,43.43,32.82,54.29,109.24,24.26,7.69,100.93,62.76,41.82,14.21,86.87
2016-08-12,47.35,34.47,165.44,105.49,48.7,63.12,86.29,3.58,123.69,43.32,31.37,52.56,108.7,24.22,7.61,101.04,61.77,41.82,13.5,86.66
2016-08-11,47.34,34.51,166.14,105.25,48.75,62.9,86.33,3.61,124.09,43.33,31.87,52.19,109.04,24.02,7.38,101.67,61.67,41.69,13.45,86.92
2016-08-10,46.73,33.74,166.08,105.32,48.59,62.41,85.31,3.76,123.46,43.1,31.08,51.31,108.88,23.75,7.61,100.62,61.33,42.05,12.95,86.58
2016-08-09,46.67,34.14,165.94,106.11,48.89,62.72,86.01,3.82,123.33,43.36,33.34,51.32,108.55,23.99,8.08,98.87,61.36,42.11,13.25,86.51
2016-08-08,46.45,33.91,168.31,105.68,48.0,62.32,86.06,3.67,120.26,43.3,35.23,51.73,109.32,24.21,7.85,98.49,61.0,42.25,13.25,86.0
2016-08-05,46.71,33.99,169.91,104.81,48.4,62.51,86.71,3.47,120.25,43.54,36.49,52.43,110.21,24.72,8.71,99.04,61.24,42.18,13.68,86.22
2016-08-04,46.06,33.15,169.6,103.24,48.11,62.1,86.36,3.63,121.41,43.1,36.48,51.85,109.35,24.99,8.48,97.09,60.9,41.51,14.51,85.01
2016-08-03,46.32,33.05,168.08,102.61,48.44,62.54,87.24,3.27,118.58,43.24,37.17,52.87,109.25,24.9,8.78,96.67,60.45,41.69,14.83,84.8
2016-08-02,46.4,32.98,166.04,101.34,47.69,62.74,86.79,2.98,118.91,43.35,36.59,51.4,108.5,24.96,8.71,96.05,60.42,41.23,14.46,84.59
2016-08-01,47.08,35.03,167.93,102.86,48.2,62.89,83.02,2.82,119.5,43.56,37.23,52.59,108.55,25.13,8.35,97.72,61.52,41.98,14.8,85.26
2016-07-29,47.32,34.94,169.28,101.07,48.52,62.22,82.68,2.69,117.97,43.05,37.04,56.5,108.48,25.28,8.12,97.86,61.37,42.78,15.1,85.53
2016-07-28,46.73,35.76,169.76,101.2,48.77,60.8,82.32,2.56,115.03,42.76,36.74,53.29,107.78,24.95,7.88,98.44,61.75,42.65,14.36,88.2
2016-07-27,46.48,35.62,164.17,99.85,48.2,60.97,82.9,2.51,115.97,42.01,37.44,51.29,109.35,26.71,8.04,97.93,60.89,41.66,14.6,91.28
2016-07-26,46.18,35.97,165.67,93.76,47.82,60.55,83.18,2.54,114.27,41.94,36.79,54.13,109.88,25.91,7.84,97.91,60.45,41.63,14.24,92.04
2016-07-25,45.38,35.23,166.1,94.41,46.9,60.42,82.89,2.55,114.62,41.76,36.31,54.18,108.73,26.05,7.48,97.32,58.2,41.37,14.53,91.62
2016-07-22,45.81,35.78,165.47,95.69,45.48,59.95,83.33,2.5,116.25,41.53,36.55,54.5,108.53,25.6,7.58,98.06,58.07,41.49,15.51,91.77
2016-07-21,45.9,34.4,163.53,96.44,53.71,60.02,83.28,2.48,116.01,41.4,36.06,54.94,108.05,25.41,7.7,96.34,57.64,41.17,16.24,91.23
2016-07-20,46.24,35.35,163.19,96.95,53.29,59.57,84.08,2.48,118.24,41.03,34.65,54.68,111.02,25.98,7.11,98.4,58.35,41.17,14.81,91.72
2016-07-19,46.21,35.44,163.14,96.87,52.08,59.49,83.39,2.41,116.59,40.21,32.74,53.81,109.02,24.29,7.33,97.79,57.95,41.26,14.82,91.37
2016-07-18,46.03,35.46,163.84,96.83,52.34,59.71,83.49,2.41,117.47,40.49,33.25,54.49,109.76,25.13,7.8,97.79,58.1,41.99,15.18,91.28
2016-07-15,45.9,35.32,164.03,95.81,52.83,59.49,83.03,2.42,117.14,40.5,33.0,53.15,110.68,25.29,8.03,97.83,57.83,41.71,15.5,91.4
2016-07-14,46.03,35.31,164.4,95.82,52.21,59.77,83.42,2.37,117.78,40.67,32.62,52.9,112.29,25.01,8.14,97.7,57.71,41.26,15.47,91.55
2016-07-13,45.65,33.9,162.36,93.96,52.35,60.85,82.43,2.43,117.51,40.37,32.92,56.43,112.35,24.51,8.4,97.34,57.23,40.9,16.14,91.48
2016-07-12,45.77,34.11,163.0,94.49,51.52,61.0,81.7,2.44,117.76,40.6,34.68,56.46,112.03,25.22,8.72,97.54,56.72,41.08,16.62,91.16
2016-07-11,44.65,30.66,163.13,94.06,51.01,59.93,79.76,2.37,115.94,40.27,33.92,54.46,111.03,25.57,8.94,97.14,56.01,40.96,15.65,91.48
2016-07-08,44.73,29.56,164.29,93.77,49.98,59.75,79.5,2.37,114.15,40.05,34.62,53.85,110.7,26.21,8.8,96.79,55.52,41.26,15.69,90.84
2016-07-07,43.69,28.93,160.58,93.05,47.49,59.07,78.6,2.32,113.53,39.54,33.51,53.8,108.38,25.65,8.78,95.14,53.8,39.97,15.49,89.9
2016-07-06,43.74,27.9,160.9,92.66,47.68,59.01,78.8,2.34,111.44,39.03,33.61,52.89,109.17,25.78,8.7,95.18,53.32,39.97,15.84,89.83
2016-07-05,43.03,28.47,160.64,92.13,47.27,57.66,77.99,2.42,109.83,37.71,32.64,52.5,108.76,25.45,8.91,94.73,53.23,39.81,15.38,89.72
2016-07-01,43.87,28.86,163.77,93.01,47.43,58.4,77.8,2.43,110.17,37.8,34.25,54.64,109.17,25.99,9.13,95.32,54.45,40.43,15.55,89.18
2016-06-30,43.63,27.86,161.08,92.72,46.33,57.65,76.98,2.36,109.29,37.58,32.46,55.4,108.95,25.51,8.15,95.79,54.46,40.7,15.14,88.34
2016-06-29,42.93,27.26,160.46,91.56,45.28,57.56,74.98,2.37,108.16,36.87,32.38,54.97,107.48,25.39,8.26,94.39,53.48,39.46,15.48,85.7
2016-06-28,42.29,26.34,156.45,90.77,43.66,55.87,73.1,2.43,105.09,35.91,31.66,53.32,106.32,25.31,8.12,92.46,52.22,38.49,15.52,84.54
2016-06-27,41.46,24.87,153.26,89.27,43.13,54.65,71.67,2.44,101.23,35.32,30.3,51.03,105.1,24.48,8.02,90.85,50.53,37.14,14.72,82.37
2016-06-24,43.28,26.62,154.0,90.59,43.9,55.75,73.22,2.56,100.37,36.24,31.43,55.42,107.18,25.24,8.59,92.2,52.92,38.43,15.52,83.38
2016-06-23,45.79,29.85,154.4,93.21,46.21,57.1,75.26,2.71,104.25,37.89,33.5,62.44,114.35,26.31,9.23,96.21,55.87,40.53,16.24,86.48
2016-06-22,45.15,29.42,152.64,92.68,44.44,56.24,74.86,2.68,101.7,37.04,33.5,60.79,114.47,25.27,8.88,94.01,54.66,39.86,16.39,85.4
2016-06-21,45.28,29.54,153.92,93.02,45.1,55.86,74.31,2.76,101.76,36.07,34.99,60.4,114.85,25.08,8.98,99.72,54.86,39.8,16.62,85.9
2016-06-20,45.26,29.24,155.05,92.24,44.5,55.98,74.12,2.8,101.72,36.09,37.4,59.17,114.49,25.31,9.1,97.99,54.6,40.28,18.06,85.62
2016-06-17,44.5,28.87,154.03,92.46,43.95,55.89,73.47,2.89,99.23,35.75,37.41,56.83,113.06,25.75,9.05,95.58,53.83,40.15,17.5,84.24
2016-06-16,44.51,28.68,153.42,94.62,45.09,56.71,73.76,2.85,100.72,35.85,38.35,58.58,113.76,25.77,9.26,97.19,54.71,39.9,16.87,84.64
2016-06-15,44.09,30.01,153.12,94.22,44.6,56.25,73.88,2.9,103.09,35.78,38.17,58.44,112.95,26.16,9.1,97.02,54.68,40.0,16.27,84.24
2016-06-14,44.06,29.88,152.05,94.53,44.65,55.78,73.28,2.96,102.03,36.0,39.21,59.34,113.56,25.75,9.16,96.98,54.87,39.65,16.12,84.12
2016-06-13,44.07,31.29,151.97,94.41,44.67,55.81,74.16,3.0,101.77,36.19,38.1,59.71,112.59,26.23,9.05,96.96,54.68,39.68,15.87,83.81
2016-06-10,44.5,32.61,152.44,95.86,44.66,56.81,74.21,3.11,102.53,36.71,39.6,61.55,113.74,27.07,9.34,97.09,54.77,40.83,15.97,83.74
2016-06-09,45.21,32.87,156.19,96.65,46.0,56.57,73.92,3.16,104.31,37.16,40.21,62.98,114.86,27.52,9.17,98.07,55.34,41.59,17.0,84.26
2016-06-08,45.27,31.99,152.94,95.96,45.76,57.49,74.0,3.16,104.37,37.2,41.55,62.92,114.75,27.93,10.28,98.68,55.56,41.58,17.29,83.87
2016-06-07,44.88,31.85,151.14,96.05,45.09,58.76,73.97,3.08,104.31,37.22,40.58,62.13,115.06,28.26,10.89,98.52,55.56,41.43,17.23,83.02
2016-06-06,44.99,30.76,149.67,95.66,45.56,58.5,74.2,3.14,101.89,37.45,40.68,61.29,115.01,29.7,11.03,99.12,54.89,41.44,17.38,83.8
2016-06-03,44.85,30.32,150.14,94.97,45.51,60.53,74.28,3.03,101.81,37.46,36.07,59.85,114.34,28.9,11.12,98.7,55.87,41.37,17.03,83.46
2016-06-02,45.03,31.17,151.57,94.78,46.53,60.62,74.81,3.04,101.87,37.79,36.81,61.02,114.67,29.1,11.06,100.17,56.04,41.25,17.56,84.18
2016-06-01,45.08,31.44,152.76,95.5,45.8,58.51,73.41,2.99,101.58,37.76,35.51,59.68,114.45,28.95,10.2,100.04,56.39,40.64,17.07,84.21
2016-05-31,45.02,31.4,153.26,96.86,45.03,58.6,72.77,2.92,99.31,37.89,35.43,58.87,114.41,28.45,10.29,99.47,56.25,40.59,16.82,83.95
2016-05-27,44.95,31.15,155.72,97.33,44.86,58.4,71.85,3.26,99.74,37.57,35.61,58.07,114.38,27.29,9.85,100.14,56.19,41.02,16.38,84.14
2016-05-26,44.64,31.01,156.07,97.39,44.11,57.65,71.52,3.22,98.8,37.18,34.9,56.91,113.87,26.88,10.0,99.37,56.05,40.87,16.14,83.81
2016-05-25,44.56,31.66,152.95,96.62,44.92,57.01,71.86,3.04,98.94,36.98,35.27,57.83,114.0,27.21,10.27,99.61,56.03,40.31,16.27,83.64
2016-05-24,44.17,31.64,148.77,94.95,44.85,56.53,72.15,2.67,99.62,36.31,34.9,57.46,114.55,27.59,10.43,99.63,55.57,39.9,16.15,83.58
2016-05-23,43.72,31.23,145.32,93.53,43.15,55.22,71.76,2.52,96.99,35.73,34.25,56.52,111.73,26.65,10.55,96.62,54.18,38.38,16.05,81.47
2016-05-20,44.04,31.5,145.84,92.36,43.63,55.59,72.61,2.49,97.28,35.95,34.04,57.03,112.0,26.31,10.11,96.88,53.97,37.8,15.83,81.68
2016-05-19,43.71,31.64,143.0,91.37,43.07,55.21,72.84,2.45,95.36,35.6,32.84,56.72,111.58,25.71,9.55,95.88,53.17,36.41,15.04,81.37
2016-05-18,43.48,32.09,143.27,91.72,43.97,56.3,72.6,2.51,95.06,36.09,32.51,56.33,112.05,26.54,9.32,96.7,53.28,35.59,15.43,81.81
2016-05-17,43.57,32.12,143.53,90.68,42.8,56.11,72.0,2.42,94.13,36.05,31.71,57.04,111.76,26.25,9.04,95.93,52.85,35.58,15.22,81.57
2016-05-16,42.12,31.61,147.58,91.06,43.29,58.16,72.06,2.41,96.42,36.57,30.03,56.55,112.66,26.88,9.22,97.23,52.91,35.73,15.4,82.86
2016-05-13,41.81,31.01,145.01,87.8,42.46,57.74,71.16,2.35,94.08,35.95,28.11,56.12,111.01,26.41,8.4,95.97,52.23,35.42,14.58,81.96
2016-05-12,41.92,30.83,149.43,87.62,42.29,58.19,72.25,2.27,94.27,36.33,27.81,56.91,111.9,26.26,8.25,95.96,52.41,36.28,14.28,82.7
2016-05-11,41.65,32.34,147.57,89.73,42.89,58.39,73.19,2.44,96.1,36.34,28.49,58.99,111.53,26.4,8.85,96.1,53.22,35.73,14.81,82.83
2016-05-10,41.2,33.23,151.71,90.61,43.45,59.36,74.08,2.48,96.75,36.42,29.81,58.84,112.46,27.36,9.87,96.52,53.55,36.15,15.1,84.58
2016-05-09,40.54,32.42,150.96,90.0,44.13,59.32,74.75,2.48,96.41,36.31,29.25,58.88,111.04,27.13,9.53,94.61,52.72,35.52,15.1,83.3
2016-05-06,40.64,32.51,149.95,89.93,43.55,58.21,73.93,2.41,94.94,36.3,27.65,58.49,111.12,26.11,8.69,94.3,52.95,35.96,14.7,83.0
2016-05-05,40.18,32.29,148.18,90.43,43.86,58.06,75.36,2.42,94.77,36.81,27.05,58.04,109.71,25.64,8.75,93.5,53.16,35.85,14.96,82.62
2016-05-04,39.75,32.68,155.25,90.8,43.42,57.24,81.43,2.44,94.89,36.42,27.53,59.24,109.2,25.46,9.15,92.94,53.29,36.45,15.73,84.47
2016-05-03,40.46,34.03,155.42,91.76,43.28,57.52,82.58,2.62,98.9,36.85,30.0,61.35,108.96,25.69,9.71,93.66,53.67,36.81,16.15,84.87
2016-05-02,40.92,33.88,154.87,90.27,43.58,57.22,82.34,2.69,99.26,37.14,33.0,62.62,110.01,27.19,9.77,94.9,54.42,37.9,17.0,85.47
2016-04-29,40.14,34.04,155.51,90.37,44.34,56.81,82.22,2.72,97.14,37.19,32.3,63.19,108.59,25.85,9.69,94.22,53.76,37.6,16.88,84.52
2016-04-28,40.4,35.3,155.28,91.42,43.7,56.99,83.49,2.78,99.94,38.64,32.4,62.21,109.95,27.34,9.45,93.64,55.23,37.72,16.69,85.15
2016-04-27,40.79,36.02,158.67,94.3,44.6,56.53,87.57,2.75,102.05,41.9,32.63,63.73,111.05,28.91,9.42,95.64,56.93,37.57,17.5,86.12
2016-04-26,40.53,36.23,157.68,100.6,44.97,56.74,88.19,2.73,102.03,41.95,32.62,63.39,110.22,29.04,9.45,96.15,56.63,37.4,17.62,85.81
2016-04-25,40.84,36.31,156.79,101.3,44.54,56.78,88.41,2.74,102.3,42.07,34.18,61.3,109.73,30.06,9.84,95.8,55.78,36.96,18.38,85.61
2016-04-22,41.0,37.49,157.8,101.88,45.45,57.2,88.78,2.77,101.83,42.14,34.02,63.33,109.58,30.12,10.38,94.79,55.82,37.3,18.83,85.68
2016-04-21,41.13,39.26,156.54,102.16,44.76,57.15,88.72,2.74,102.12,41.95,33.69,60.99,110.09,29.72,9.44,96.37,56.14,36.1,18.08,85.39
2016-04-20,40.73,40.49,157.79,103.28,44.42,56.32,88.75,2.69,101.64,42.04,33.35,60.38,111.11,29.15,8.92,96.33,56.49,36.59,17.28,86.12
2016-04-19,40.61,40.57,160.18,103.07,44.47,56.03,86.46,2.73,100.38,41.92,33.66,58.71,110.69,28.49,9.19,96.52,55.58,35.99,17.7,86.72
2016-04-18,40.52,40.15,160.33,103.62,45.25,55.76,85.66,2.81,101.17,42.02,33.47,58.52,111.16,28.7,9.31,96.55,56.03,35.5,18.59,86.68
2016-04-15,40.13,40.14,160.58,105.9,44.37,55.42,84.85,2.78,98.22,41.5,33.52,58.16,110.42,28.54,9.63,95.16,55.99,35.11,18.06,86.15
2016-04-14,40.0,40.4,160.33,108.07,44.83,55.21,83.76,2.75,97.37,41.6,33.79,58.59,110.35,28.1,9.48,94.44,56.74,34.44,18.23,86.26
2016-04-13,39.92,39.19,159.88,108.01,44.87,55.0,82.28,2.66,98.57,41.44,33.22,56.63,110.55,28.42,9.41,94.53,57.08,34.96,17.81,86.24
2016-04-12,38.99,38.46,155.91,106.47,44.46,55.24,82.02,2.57,96.18,40.69,32.24,54.64,108.95,27.68,9.11,93.42,56.13,34.67,16.6,86.12
2016-04-11,38.66,38.0,154.18,105.1,43.61,53.96,81.58,2.61,95.1,40.36,31.11,54.29,107.72,27.41,9.29,92.95,55.94,33.89,16.73,85.73
2016-04-08,38.79,37.78,155.52,104.75,43.24,53.93,82.42,2.64,96.25,40.26,31.78,54.63,107.46,27.66,9.82,94.07,56.13,33.97,17.1,86.33
2016-04-07,38.72,37.64,155.24,104.64,43.15,54.7,83.72,2.75,95.64,40.49,32.26,55.65,106.77,27.44,9.99,93.78,55.71,33.63,17.43,85.82
2016-04-06,39.47,38.17,159.27,106.97,43.57,55.24,84.57,2.96,97.22,40.91,32.86,55.2,109.21,27.98,9.48,95.4,56.47,33.46,17.34,86.81
2016-04-05,38.51,38.2,159.86,105.86,42.91,54.0,82.79,3.03,95.14,39.95,29.9,53.89,108.7,26.41,8.85,94.17,55.82,33.05,16.36,85.77
2016-04-04,39.25,38.63,158.63,107.12,43.79,54.62,84.21,3.01,95.7,40.21,30.06,54.89,110.0,26.05,8.62,94.5,56.09,33.93,16.32,85.73
2016-04-01,39.54,38.78,159.81,106.04,43.63,52.96,83.58,2.83,96.58,40.09,28.66,54.95,110.81,27.09,8.3,95.16,56.3,34.33,15.65,86.26
2016-03-31,38.98,40.24,159.73,105.07,44.41,52.69,83.62,2.56,94.81,39.75,27.96,55.11,109.91,26.45,8.13,93.8,56.5,34.18,14.46,85.73
2016-03-30,39.24,40.61,163.17,105.62,43.38,52.58,84.14,2.66,93.03,39.58,26.01,55.44,109.88,26.38,7.74,93.78,56.42,34.47,14.12,85.2
2016-03-29,39.28,40.58,162.41,103.81,43.36,52.62,83.49,2.86,93.11,39.41,23.81,54.76,109.78,26.11,7.99,93.22,56.13,34.71,14.54,85.47
2016-03-28,38.66,40.14,161.15,101.41,41.32,51.76,83.55,2.6,90.48,38.84,23.81,53.45,108.74,25.38,7.8,92.4,55.67,34.22,14.16,84.39
2016-03-24,38.57,39.74,161.21,101.87,41.28,51.77,83.25,2.67,90.6,38.72,20.31,53.56,108.86,25.79,7.92,92.52,55.98,34.33,14.17,84.82
2016-03-23,38.61,41.13,160.48,102.31,40.87,51.99,84.31,2.63,91.54,38.75,20.25,53.92,102.54,25.71,7.76,92.16,55.68,34.45,13.59,84.61
2016-03-22,39.01,41.96,157.59,102.88,41.5,53.04,84.21,2.89,93.5,38.99,22.64,54.17,102.7,27.33,8.4,92.56,55.86,35.41,14.12,84.71
2016-03-21,38.78,42.66,158.01,102.1,40.83,51.66,84.18,2.94,88.88,38.73,21.53,52.8,103.01,25.93,7.82,92.5,56.18,35.93,13.91,85.06
2016-03-18,39.31,42.63,156.87,102.11,41.09,52.18,84.52,2.9,87.53,38.76,19.79,52.37,102.64,26.43,7.61,93.42,56.33,35.84,12.64,84.71
2016-03-17,38.43,41.31,157.34,102.0,40.98,51.03,82.97,2.8,85.57,38.28,19.53,50.27,103.39,25.61,7.53,89.96,55.24,35.96,12.42,84.9
2016-03-16,38.13,41.52,158.36,102.16,41.01,51.94,84.12,2.75,85.67,38.18,19.39,52.6,102.47,26.79,7.91,88.17,54.28,35.26,12.99,83.77
2016-03-15,37.45,41.32,157.92,100.82,41.05,51.3,83.38,2.84,87.34,37.91,19.65,52.86,101.97,28.14,7.87,86.83,53.56,34.42,13.35,83.45
2016-03-14,38.17,41.79,158.68,98.83,41.74,52.77,84.98,2.95,88.21,38.48,20.32,54.75,101.26,29.45,8.13,87.01,53.14,34.56,14.89,83.4
2016-03-11,38.37,41.67,157.91,98.58,41.83,53.25,86.52,2.79,87.66,38.36,20.19,55.1,100.65,32.0,8.23,86.0,53.4,34.45,14.27,83.4
2016-03-10,37.15,40.85,155.5,97.53,40.91,51.87,83.26,2.71,85.98,37.09,19.26,54.06,98.65,34.71,7.76,84.85,52.62,33.67,13.64,81.42
2016-03-09,37.3,40.87,153.13,97.48,40.82,52.01,84.6,2.68,87.4,37.32,19.35,55.07,98.48,36.03,8.34,85.27,52.43,33.95,13.81,81.92
2016-03-08,37.26,40.01,149.06,97.4,40.11,51.03,84.84,2.63,84.25,37.22,19.6,55.78,97.74,35.34,8.92,84.35,52.83,33.92,13.98,81.19
2016-03-07,38.57,41.34,150.89,98.21,41.25,52.02,85.11,2.82,85.18,37.23,21.76,57.58,97.53,37.05,9.06,85.11,53.92,34.96,15.29,81.76
2016-03-04,38.48,40.85,151.74,99.31,40.6,51.79,85.02,2.56,84.0,37.23,21.2,58.8,98.27,36.0,8.24,86.18,53.25,35.44,13.66,81.86
2016-03-03,38.34,41.1,153.24,97.85,39.56,51.59,85.23,2.35,83.06,36.89,21.46,59.68,97.91,35.47,8.33,87.21,52.95,34.67,14.27,81.35
2016-03-02,38.19,40.81,151.54,97.13,39.7,51.38,84.66,2.25,82.21,37.38,20.36,57.49,97.77,35.53,8.38,88.39,52.89,33.73,13.92,81.35
2016-03-01,37.75,41.05,152.71,96.92,38.17,51.97,84.47,2.1,83.99,37.37,19.15,55.98,98.53,34.31,7.45,88.37,52.21,33.4,13.2,82.41
2016-02-29,36.53,40.23,147.82,93.21,38.27,50.37,83.69,2.24,80.01,36.81,17.26,55.41,95.49,32.71,7.19,85.15,50.58,32.91,12.8,80.43
2016-02-26,36.77,40.1,149.43,93.43,38.85,51.65,84.57,2.4,80.65,37.55,18.73,56.31,96.31,33.01,7.82,86.6,51.01,32.75,13.2,81.36
2016-02-25,36.81,40.59,149.46,93.28,38.31,51.84,84.63,2.3,82.0,37.66,18.48,55.28,96.11,33.57,7.67,86.68,50.58,32.59,12.87,81.6
2016-02-24,36.66,39.9,149.79,92.64,38.62,50.63,84.13,2.4,80.89,37.25,19.12,54.96,94.81,33.66,7.38,83.42,49.46,31.87,12.8,80.98
2016-02-23,36.36,39.62,146.94,91.29,38.28,50.8,84.39,2.38,82.07,36.48,19.19,55.84,94.91,33.95,7.63,83.07,48.72,31.81,14.8,80.59
2016-02-22,37.2,40.08,147.25,93.4,38.45,50.99,84.73,2.48,82.45,37.21,20.12,56.15,95.57,34.84,8.39,83.8,49.81,31.81,14.76,82.06
2016-02-19,36.62,39.02,143.03,92.59,38.42,50.08,83.9,2.64,81.32,36.61,19.76,54.38,94.24,34.29,8.22,80.87,49.33,30.74,14.93,81.26
2016-02-18,36.38,38.8,142.72,92.8,38.19,50.32,83.75,2.65,79.51,36.4,19.22,53.5,93.83,34.15,8.27,80.53,49.27,31.91,14.77,80.64
2016-02-17,37.04,38.6,142.81,94.59,38.9,50.74,84.2,2.61,77.45,36.54,20.62,56.84,94.3,35.84,8.53,81.85,49.92,31.44,15.42,81.04
2016-02-16,36.27,37.89,145.39,93.17,37.97,49.36,82.39,2.49,78.36,36.1,18.82,55.0,92.3,34.4,8.34,78.88,49.3,31.65,14.52,79.57
2016-02-12,35.43,37.11,140.18,90.61,37.83,48.5,82.39,2.4,73.03,35.28,18.26,53.77,90.19,33.63,7.85,76.67,47.0,30.55,14.31,77.63
2016-02-11,34.56,35.81,137.83,90.33,37.71,48.13,81.37,2.31,72.77,34.53,17.55,53.17,88.98,33.48,7.5,74.94,46.24,29.78,13.52,76.18
2016-02-10,35.07,36.42,137.99,90.88,38.22,48.63,82.38,2.37,72.38,35.36,18.23,56.09,89.73,36.22,7.05,75.53,46.35,30.95,13.59,76.77
2016-02-09,34.6,35.51,140.91,91.57,38.86,49.33,81.56,2.46,71.0,35.16,18.48,54.93,88.88,35.35,6.52,73.85,46.69,31.33,13.5,76.62
2016-02-08,34.04,34.88,140.86,91.59,39.03,48.79,80.47,2.45,71.16,35.59,17.76,54.7,90.55,35.58,7.15,74.94,46.54,31.06,14.28,77.17
2016-02-05,35.25,35.96,143.34,90.64,40.57,49.0,81.51,2.4,81.53,35.55,19.36,58.96,94.26,36.67,7.12,79.2,47.17,31.78,15.25,77.22
2016-02-04,36.6,37.39,147.23,93.13,40.25,52.36,81.22,2.47,92.0,36.12,20.29,59.72,97.84,37.28,7.55,86.36,48.92,31.95,16.39,78.64
2016-02-03,36.38,36.71,147.32,92.38,41.39,52.43,84.68,2.35,84.81,36.13,18.89,60.1,97.24,37.88,7.4,87.99,48.65,31.2,16.62,78.02
2016-02-02,36.26,36.24,151.23,90.59,42.08,49.76,84.82,2.32,84.48,35.99,19.04,60.06,98.88,37.17,7.93,87.95,48.61,30.19,16.77,78.04
2016-02-01,36.87,38.54,154.25,92.46,42.42,50.17,85.65,2.5,85.46,36.54,20.86,61.87,101.22,37.92,7.39,89.61,50.34,33.08,17.14,78.8
2016-01-29,36.83,38.16,151.42,93.33,42.49,50.64,86.19,2.61,85.33,35.97,20.69,61.03,100.52,36.82,7.07,89.13,50.99,32.98,17.14,78.91
2016-01-28,35.32,37.32,147.94,90.22,49.2,51.52,84.0,2.46,81.77,34.88,20.52,58.37,98.17,36.29,7.23,84.52,49.0,32.37,17.02,76.69
2016-01-27,36.24,38.84,150.89,89.58,50.19,52.68,86.79,2.5,83.35,38.45,21.95,60.19,97.11,37.78,7.76,84.85,48.55,31.47,18.63,76.44
2016-01-26,36.69,38.79,150.84,95.87,51.18,53.74,87.83,2.65,86.62,38.16,23.72,60.73,97.65,38.96,8.34,86.89,48.56,31.37,20.64,76.82
2016-01-25,36.79,38.05,144.12,95.35,50.72,54.1,87.83,2.72,89.29,37.69,24.16,59.44,96.91,39.89,8.5,86.77,48.33,30.25,21.34,76.06
2016-01-22,37.15,39.3,143.83,97.25,52.31,54.26,87.58,2.84,86.68,38.04,24.52,60.08,97.37,38.0,8.81,89.63,48.65,31.0,22.21,77.03
2016-01-21,36.42,38.94,143.2,92.34,51.14,53.83,87.16,2.85,82.94,37.51,22.66,58.58,93.61,37.51,8.02,88.0,47.84,29.78,20.74,75.27
2016-01-20,36.45,38.22,142.79,92.81,52.01,52.72,87.48,2.84,83.17,37.97,23.78,59.02,94.35,37.99,8.05,87.94,47.89,29.19,21.67,74.29
2016-01-19,36.39,38.03,144.02,92.68,50.46,50.72,89.06,2.83,86.25,38.42,22.66,58.16,96.56,37.55,7.62,89.18,46.76,28.46,22.0,75.13
2016-01-15,36.3,37.93,143.69,93.13,49.79,52.89,89.28,2.79,87.41,38.52,23.78,58.34,94.55,39.9,7.66,89.17,47.17,29.39,25.01,74.0
2016-01-14,36.79,39.68,140.73,95.42,49.22,50.33,90.19,2.95,87.88,39.05,23.94,58.83,97.03,39.25,7.55,89.8,47.81,31.12,25.55,75.02
2016-01-13,36.05,39.24,141.57,93.38,48.51,47.21,89.63,2.5,85.81,38.27,23.13,58.12,94.54,38.31,7.18,88.3,47.43,31.22,23.87,73.45
2016-01-12,37.36,41.1,147.45,95.85,50.62,50.06,90.64,2.68,88.32,39.15,27.04,61.13,96.2,41.24,8.51,89.82,48.9,31.97,23.96,75.48
2016-01-11,37.11,40.2,146.44,94.47,49.5,49.18,90.52,2.8,85.0,38.46,27.11,63.28,94.51,39.98,9.42,89.38,48.45,31.87,23.47,74.56
2016-01-08,37.75,39.51,144.95,92.97,50.29,50.8,94.27,2.92,84.58,38.4,28.04,62.45,93.53,40.22,10.53,87.85,47.32,32.08,24.48,74.2
2016-01-07,38.15,39.58,148.21,92.48,51.79,52.22,94.82,2.93,81.92,39.22,28.73,61.52,94.44,41.01,10.65,89.11,47.74,32.2,24.31,74.82
2016-01-06,39.84,40.35,146.59,96.56,53.67,52.38,97.95,3.23,85.3,40.19,29.24,61.56,97.3,41.68,11.68,91.02,48.99,32.99,23.64,77.18
2016-01-05,39.66,39.65,150.57,98.48,53.68,52.37,99.47,3.5,85.0,40.53,34.46,63.59,97.49,42.04,12.29,92.34,51.16,33.81,26.06,78.14
2016-01-04,39.8,40.03,151.61,101.01,53.06,52.59,98.04,3.42,85.24,40.54,34.62,64.23,96.98,42.25,11.82,91.97,51.54,33.43,27.91,77.95
