Index,SPY,SPY,SPY,SPY,SPY,SPY,SPY,SPY,SPY,SPY,SPY
Beta_Info,Beta,Corr,Stock_Cutoff,Index_Cutoff,Percentile_Cutoff,Index_Beta_to_SPY,Beta_to_SPY,Return,Index_Return,Idio_Return,Percent_Days
Stock,,,,,,,,,,,
A,1.2205770769746072,0.6792674753638366,0.20089826593533025,8.135904585925235e-05,1.0,1.0,1.2205770769746072,0.4676669484361793,0.2993375589763141,0.07492679132162072,0.9733333333333334
AAL,1.3340717051742546,0.47873697798898524,0.32165495407421973,8.135904585925235e-05,1.0,1.0,1.3340717051742546,0.22238163558106172,0.2993375589763141,-0.12645705434843135,0.9733333333333334
AAP,0.9103299348915579,0.29369847001833166,0.29621482081238626,8.135904585925235e-05,1.0,1.0,0.9103299348915579,-0.2914697542533081,0.2993375589763141,-0.4431964589000089,0.9733333333333334
AAPL,1.0942939112229038,0.6015699215679103,0.21835447131809307,8.135904585925235e-05,1.0,1.0,1.0942939112229038,0.8729764624093754,0.2993375589763141,0.41083781638946837,0.9733333333333334
ABBV,1.156709561725303,0.5030441344195433,0.2627130150996786,8.135904585925235e-05,1.0,1.0,1.156709561725303,0.6743812279009966,0.2993375589763141,0.2437403423644382,0.9733333333333334
ABC,1.011711293246893,0.37548068358544434,0.23572255813614545,8.135904585925235e-05,1.0,1.0,1.011711293246893,0.05079825834542806,0.2993375589763141,-0.193457610792648,0.9733333333333334
ABT,1.0505901108843363,0.6466812767460389,0.19074318305511936,8.135904585925235e-05,1.0,1.0,1.0505901108843363,0.42299651567944263,0.2993375589763141,0.08255382151439972,0.9733333333333334
ACN,1.0780677637345846,0.6703963190799092,0.17988541510682748,8.135904585925235e-05,1.0,1.0,1.0780677637345846,0.4480088495575223,0.2993375589763141,0.0947320571463055,0.9733333333333334
ADBE,1.3075503090956742,0.6506200866781072,0.2194985432471956,8.135904585925235e-05,1.0,1.0,1.3075503090956742,1.4716942571019822,0.2993375589763141,0.7764095009323833,0.9733333333333334
ADI,1.215951737683857,0.5973732753446472,0.24116996287437947,8.135904585925235e-05,1.0,1.0,1.215951737683857,0.5088805605344631,0.2993375589763141,0.1062336199125018,0.9733333333333334
ADM,0.6925567435041843,0.3826979499740262,0.22015838241946348,8.135904585925235e-05,1.0,1.0,0.6925567435041843,0.02805049088359035,0.2993375589763141,-0.14847720530695885,0.9733333333333334
ADP,0.9823705204157546,0.5902523683917891,0.17550389885866713,8.135904585925235e-05,1.0,1.0,0.9823705204157546,0.4888343271366773,0.2993375589763141,0.150513789394757,0.9733333333333334
ADS,1.1558179002250855,0.5139468194850149,0.24572083240450268,8.135904585925235e-05,1.0,1.0,1.1558179002250855,-0.0868591994382022,0.2993375589763141,-0.3215790739331751,0.9733333333333334
ADSK,1.5751514118736636,0.5599583164418832,0.29403461764798466,8.135904585925235e-05,1.0,1.0,1.5751514118736636,1.291169049621531,0.2993375589763141,0.5570275017408239,0.9733333333333334
AEP,0.28379227550328096,0.21905069429480387,0.1533801295225909,8.135904585925235e-05,1.0,1.0,0.28379227550328096,0.040433772269558466,0.2993375589763141,-0.04103039548201859,0.9733333333333334
AES,0.7044687113765619,0.3240079480834106,0.25005277938882975,8.135904585925235e-05,1.0,1.0,0.7044687113765619,0.07242582897033145,0.2993375589763141,-0.11433734791650951,0.9733333333333334
AET,0.6283401232524725,0.40040581742297493,0.21660520418222565,8.135904585925235e-05,1.0,1.0,0.6283401232524725,0.546984323797715,0.2993375589763141,0.3020813189491578,0.9733333333333334
AFL,0.7502654446371471,0.5935333587137613,0.1509394417397835,8.135904585925235e-05,1.0,1.0,0.7502654446371471,0.3566286742651468,0.2993375589763141,0.10782943069360962,0.9733333333333334
AGN,0.9132137654400525,0.39938510426266227,0.2684072022559938,8.135904585925235e-05,1.0,1.0,0.9132137654400525,-0.381858407079646,0.2993375589763141,-0.5145583406985049,0.9733333333333334
AIG,0.7424979871204557,0.47107120974585465,0.18342327830500837,8.135904585925235e-05,1.0,1.0,0.7424979871204557,0.007242233657328123,0.2993375589763141,-0.17591652756754816,0.9733333333333334
AIV,0.4848110106579746,0.31234475463487116,0.1811120926058708,8.135904585925235e-05,1.0,1.0,0.4848110106579746,-0.058077898133210515,0.2993375589763141,-0.17744835658381652,0.9733333333333334
AIZ,0.888916328864424,0.4984859360756624,0.19737323259521306,8.135904585925235e-05,1.0,1.0,0.888916328864424,0.09819413092550788,0.2993375589763141,-0.1326070324243872,0.9733333333333334
AJG,0.8292419094852523,0.6330891193234068,0.14572991925594259,8.135904585925235e-05,1.0,1.0,0.8292419094852523,0.47542391071045276,0.2993375589763141,0.18201925169140676,0.9733333333333334
AKAM,1.070748308302719,0.4201176643042095,0.30512681497456673,8.135904585925235e-05,1.0,1.0,1.070748308302719,0.5099940629329109,0.2993375589763141,0.14348860218824955,0.9733333333333334
ALB,1.1789051420090635,0.45572550289573965,0.2882394936713406,8.135904585925235e-05,1.0,1.0,1.1789051420090635,0.19616411750424878,0.2993375589763141,-0.11584563557503902,0.9733333333333334
ALGN,1.5978548792070673,0.5320181081792067,0.2982433272237508,8.135904585925235e-05,1.0,1.0,1.5978548792070673,2.2135726303982053,0.2993375589763141,1.1738327967323525,0.9733333333333334
ALK,0.9694382577136533,0.38760500792526187,0.27775025331403014,8.135904585925235e-05,1.0,1.0,0.9694382577136533,-0.071340902117214,0.2993375589763141,-0.28021484049168777,0.9733333333333334
ALL,0.6870234292519857,0.49183548846784136,0.1538606251686946,8.135904585925235e-05,1.0,1.0,0.6870234292519857,0.45501207729468596,0.2993375589763141,0.20682599816532754,0.9733333333333334
ALLE,1.00018534111582,0.5772106216476216,0.1918877652181622,8.135904585925235e-05,1.0,1.0,1.00018534111582,0.08280790248003367,0.2993375589763141,-0.16668177343623947,0.9733333333333334
ALXN,1.216660001998642,0.35648622972025246,0.35459244577048676,8.135904585925235e-05,1.0,1.0,1.216660001998642,-0.06951788491446342,0.2993375589763141,-0.31792438957049163,0.9733333333333334
AMAT,1.7970772124172991,0.6384519810894514,0.2783150987604927,8.135904585925235e-05,1.0,1.0,1.7970772124172991,1.12888198757764,0.2993375589763141,0.38424911518775007,0.9733333333333334
AMD,1.8437578265774408,0.36833534139623825,0.5623508420723384,8.135904585925235e-05,1.0,1.0,1.8437578265774408,0.7419825072886295,0.2993375589763141,0.12247941831578091,0.9733333333333334
AME,1.0375818144565911,0.6672464261879258,0.1756831282956619,8.135904585925235e-05,1.0,1.0,1.0375818144565911,0.6088172043010753,0.2993375589763141,0.2275544847371438,0.9733333333333334
AMG,1.3632625699976284,0.6438536783463017,0.25878715923437057,8.135904585925235e-05,1.0,1.0,1.3632625699976284,0.13167113125901486,0.2993375589763141,-0.19629950340118552,0.9733333333333334
AMGN,1.1273734260271464,0.6016990662356165,0.22327411660438706,8.135904585925235e-05,1.0,1.0,1.1273734260271464,0.060175588342884945,0.2993375589763141,-0.20732473570873766,0.9733333333333334
AMT,0.5437012628768452,0.32262174959490614,0.18067745132610324,8.135904585925235e-05,1.0,1.0,0.5437012628768452,0.24281750648885714,0.2993375589763141,0.06886027371838566,0.9733333333333334
AMZN,1.173688581396518,0.5822444041445525,0.263901574532983,8.135904585925235e-05,1.0,1.0,1.173688581396518,1.1123996784438797,0.2993375589763141,0.56320153069777,0.9733333333333334
ANDV,1.0355764069609685,0.4403917754548962,0.3063642252165427,8.135904585925235e-05,1.0,1.0,1.0355764069609685,0.9247459489151333,0.2993375589763141,0.4692863941227454,0.9733333333333334
ANSS,1.0681020713684595,0.6020014024948865,0.18886883742405522,8.135904585925235e-05,1.0,1.0,1.0681020713684595,0.9262533572068039,0.2993375589763141,0.4595890650795782,0.9733333333333334
ANTM,0.9390902372505494,0.4845438116230623,0.21918838021727324,8.135904585925235e-05,1.0,1.0,0.9390902372505494,0.815301572400845,0.2993375589763141,0.41698112314357516,0.9733333333333334
AON,0.8009545782292228,0.5977648397496184,0.15390049945008827,8.135904585925235e-05,1.0,1.0,0.8009545782292228,0.37215503285401397,0.2993375589763141,0.10679461697673176,0.9733333333333334
AOS,1.2770152156425347,0.7393049069121133,0.21130164740632848,8.135904585925235e-05,1.0,1.0,1.2770152156425347,0.403905221588416,0.2993375589763141,0.01566031413331115,0.9733333333333334
APA,1.1110876633570381,0.36174157001529256,0.378559107854307,8.135904585925235e-05,1.0,1.0,1.1110876633570381,-0.1827511347937637,0.2993375589763141,-0.38672157208135927,0.9733333333333334
APC,1.0887030280592456,0.4109760528116688,0.35236313192931645,8.135904585925235e-05,1.0,1.0,1.0887030280592456,0.26523430264863856,0.2993375589763141,-0.0457469455464391,0.9733333333333334
APD,0.9608345222573028,0.6839922645734545,0.17462856006061392,8.135904585925235e-05,1.0,1.0,0.9608345222573028,0.2738624176497626,0.2993375589763141,-0.010679787819201647,0.9733333333333334
APH,0.9731474634655328,0.7330676654298768,0.16515115907463598,8.135904585925235e-05,1.0,1.0,0.9731474634655328,0.5011090257635216,0.2993375589763141,0.16247928967207548,0.9733333333333334
APTV,1.2484876541131407,0.5335142222289283,0.2652919994881183,8.135904585925235e-05,1.0,1.0,1.2484876541131407,0.747548129313476,0.2993375589763141,0.2721290273769912,0.9733333333333334
ARE,0.7115129863869003,0.43451326050030636,0.17614812955927553,8.135904585925235e-05,1.0,1.0,0.7115129863869003,0.1997751124437781,0.2993375589763141,-0.010888407229455721,0.9733333333333334
ARNC,1.5871724800778135,0.5082537160077342,0.36780213392153915,8.135904585925235e-05,1.0,1.0,1.5871724800778135,-0.21668099742046443,0.2993375589763141,-0.4689723922255179,0.9733333333333334
ATVI,1.3824350747841958,0.564161557439833,0.27087243471796857,8.135904585925235e-05,1.0,1.0,1.3824350747841958,0.8055905313523042,0.2993375589763141,0.2771054646248181,0.9733333333333334
AVB,0.4843766492458805,0.3392094696593488,0.16552748193396805,8.135904585925235e-05,1.0,1.0,0.4843766492458805,-0.05272147574584374,0.2993375589763141,-0.17267682060402845,0.9733333333333334
AVGO,1.232276064471208,0.5268266814553502,0.29540752394235387,8.135904585925235e-05,1.0,1.0,1.232276064471208,0.5567353204554175,0.2993375589763141,0.1372440702431439,0.9733333333333334
AVY,0.908662590118196,0.5690879607828702,0.1875773589450721,8.135904585925235e-05,1.0,1.0,0.908662590118196,0.43045037863690716,0.2993375589763141,0.12457070001145532,0.9733333333333334
AWK,0.5390442599309094,0.37195534496372695,0.15947781584089477,8.135904585925235e-05,1.0,1.0,0.5390442599309094,0.053109625331146715,0.2993375589763141,-0.09320703525246576,0.9733333333333334
AXP,1.1142439281360228,0.671329957868049,0.1913690702727118,8.135904585925235e-05,1.0,1.0,1.1142439281360228,0.6185764443025854,0.2993375589763141,0.21374870134523238,0.9733333333333334
AYI,1.037231450011108,0.35441224281245176,0.2946163161374822,8.135904585925235e-05,1.0,1.0,1.037231450011108,-0.5620667202880232,0.2993375589763141,-0.6658228275398208,0.9733333333333334
AZO,0.6987458325450893,0.3255292181224593,0.20191973353105278,8.135904585925235e-05,1.0,1.0,0.6987458325450893,-0.18810275562981438,0.2993375589763141,-0.3285448915312611,0.9733333333333334
BA,1.1922890588833666,0.6309899144596817,0.21180958473657505,8.135904585925235e-05,1.0,1.0,1.1922890588833666,1.7233399602385684,0.2993375589763141,1.007035293029782,0.9733333333333334
BAC,1.3627829296824223,0.6367562644812552,0.24938100308248884,8.135904585925235e-05,1.0,1.0,1.3627829296824223,1.1944641589779987,0.2993375589763141,0.5586434421698383,0.9733333333333334
BAX,0.9452158309910891,0.588848219529631,0.17886511502600655,8.135904585925235e-05,1.0,1.0,0.9452158309910891,0.4956521739130435,0.2993375589763141,0.16580183528053816,0.9733333333333334
BBT,1.0877564243744535,0.6254681658775401,0.19537884136473646,8.135904585925235e-05,1.0,1.0,1.0877564243744535,0.5803673938002296,0.2993375589763141,0.19218453534317192,0.9733333333333334
BBY,1.038800942170307,0.32691047708229964,0.31751629832958383,8.135904585925235e-05,1.0,1.0,1.038800942170307,1.420790538437597,0.2993375589763141,0.8465895647360504,0.9733333333333334
BDX,0.9104580351110747,0.5620713712162991,0.16781933978537925,8.135904585925235e-05,1.0,1.0,0.9104580351110747,0.3141190198366395,0.2993375589763141,0.032678674767975036,0.9733333333333334
BEN,1.2960968885078197,0.6479383857496248,0.22571423064576623,8.135904585925235e-05,1.0,1.0,1.2960968885078197,-0.04780990552533648,0.2993375589763141,-0.3139694906940459,0.9733333333333334
BHGE,0.8878191594836843,0.3275699626004599,0.32208191322676727,8.135904585925235e-05,1.0,1.0,0.8878191594836843,0.10438542310067933,0.2993375589763141,-0.12749059880043068,0.9733333333333334
BIIB,1.0909455904421588,0.45790372329741597,0.29726625860194245,8.135904585925235e-05,1.0,1.0,1.0909455904421588,-0.026006277377297993,0.2993375589763141,-0.2657753921975321,0.9733333333333334
BK,1.1178587252099106,0.6600459851060286,0.20451897377438874,8.135904585925235e-05,1.0,1.0,1.1178587252099106,0.4960753532182105,0.2993375589763141,0.12097720828041192,0.9733333333333334
BLK,1.3488502031822718,0.7783416461044916,0.20355888616677917,8.135904585925235e-05,1.0,1.0,1.3488502031822718,0.5371903177176665,0.2993375589763141,0.09505089567044767,0.9733333333333334
BLL,0.7613983481182679,0.4635892977183048,0.19583750688228724,8.135904585925235e-05,1.0,1.0,0.7613983481182679,0.11319665030320514,0.2993375589763141,-0.0934254090437252,0.9733333333333334
BMY,0.6778393842636197,0.295187248021625,0.2290326335101559,8.135904585925235e-05,1.0,1.0,0.6778393842636197,-0.2736694677871149,0.2993375589763141,-0.3961851778334261,0.9733333333333334
BSX,1.0692662098071402,0.5926419432848711,0.2219834143652045,8.135904585925235e-05,1.0,1.0,1.0692662098071402,0.23434925864909384,0.2993375589763141,-0.06493760078804756,0.9733333333333334
BWA,1.4073560683363062,0.5946425787945732,0.27954200391829687,8.135904585925235e-05,1.0,1.0,1.4073560683363062,0.5630018529956762,0.2993375589763141,0.09971847091271258,0.9733333333333334
BXP,0.7030044241754306,0.4347937859229109,0.17921476444692386,8.135904585925235e-05,1.0,1.0,0.7030044241754306,-0.08772187179111046,0.2993375589763141,-0.24632247523683704,0.9733333333333334
C,1.1964107692474573,0.6578066360516883,0.23186417954250282,8.135904585925235e-05,1.0,1.0,1.1964107692474573,0.7079231129864043,0.2993375589763141,0.2575543275357468,0.9733333333333334
CA,1.0621879444829543,0.6037391629705201,0.18969116489418478,8.135904585925235e-05,1.0,1.0,1.0621879444829543,0.076829268292683,0.2993375589763141,-0.18295305262477257,0.9733333333333334
CAG,0.591725003121574,0.3550742274519175,0.1866690951483472,8.135904585925235e-05,1.0,1.0,0.591725003121574,0.08359576295448035,0.2993375589763141,-0.07945605938654121,0.9733333333333334
CAH,0.9462302003802041,0.3897162475041191,0.23376283985408258,8.135904585925235e-05,1.0,1.0,0.9462302003802041,-0.29840142095914735,0.2993375589763141,-0.4532609993344988,0.9733333333333334
CAT,1.3931644059304098,0.6523134431909844,0.2365329351813642,8.135904585925235e-05,1.0,1.0,1.3931644059304098,0.9634842145302398,0.2993375589763141,0.3856369715228505,0.9733333333333334
CB,0.744038626047906,0.5599389836651565,0.15196467331033112,8.135904585925235e-05,1.0,1.0,0.744038626047906,0.1266754923051463,0.2993375589763141,-0.07854890361991029,0.9733333333333334
CBOE,0.7287726969449962,0.42274996006819726,0.17551456640587546,8.135904585925235e-05,1.0,1.0,0.7287726969449962,0.5851016471286541,0.2993375589763141,0.30123785750447696,0.9733333333333334
CBS,0.7080305233864261,0.34754586882260075,0.22621520718188362,8.135904585925235e-05,1.0,1.0,0.7080305233864261,0.02758755625122289,0.2993375589763141,-0.15211359699787463,0.9733333333333334
CCI,0.4924210267381731,0.2849857799657788,0.16779897857672954,8.135904585925235e-05,1.0,1.0,0.4924210267381731,0.14359823399558502,0.2993375589763141,-0.0033134685188570545,0.9733333333333334
CCL,0.7574381093275324,0.43523694487478826,0.21582780246705474,8.135904585925235e-05,1.0,1.0,0.7574381093275324,0.4347826086956521,0.2993375589763141,0.1695996585564845,0.9733333333333334
CDNS,1.0735847418317856,0.5575554512781712,0.211870872759735,8.135904585925235e-05,1.0,1.0,1.0735847418317856,0.7567567567567568,0.2993375589763141,0.32950227418682276,0.9733333333333334
CELG,1.0679346636789606,0.4402301059106815,0.28307372150637944,8.135904585925235e-05,1.0,1.0,1.0679346636789606,-0.24645690346733218,0.2993375589763141,-0.42899254435328027,0.9733333333333334
CERN,0.9734874827776152,0.47137115046919714,0.22401070444220708,8.135904585925235e-05,1.0,1.0,0.9734874827776152,-0.025004007052412236,0.2993375589763141,-0.24500932241373674,0.9733333333333334
CF,1.3661326382473484,0.38160463144891366,0.38375391179829615,8.135904585925235e-05,1.0,1.0,1.3661326382473484,0.735500878734622,0.2993375589763141,0.23178224247009327,0.9733333333333334
CFG,1.3996890881335944,0.592456764406426,0.2527348862866841,8.135904585925235e-05,1.0,1.0,1.3996890881335944,0.9711761971176196,0.2993375589763141,0.3891505665340762,0.9733333333333334
CHD,0.4721457101203939,0.29202762145398864,0.16098931665997143,8.135904585925235e-05,1.0,1.0,0.4721457101203939,-0.003150598613736566,0.2993375589763141,-0.1265904019142997,0.9733333333333334
CHRW,0.7132693985980861,0.4166801696321754,0.19705787904139171,8.135904585925235e-05,1.0,1.0,0.7132693985980861,0.2936246632744688,0.2993375589763141,0.0660204312084618,0.9733333333333334
CHTR,0.8219797238424744,0.34618414708763845,0.2615942565253369,8.135904585925235e-05,1.0,1.0,0.8219797238424744,0.1615361689445225,0.2993375589763141,-0.06782494726367483,0.9733333333333334
CI,0.8386387238505002,0.4583887657682623,0.22412409178950177,8.135904585925235e-05,1.0,1.0,0.8386387238505002,0.3477889837083008,0.2993375589763141,0.07733823003756357,0.9733333333333334
CINF,0.9128380287717509,0.573816971935761,0.16463793286248551,8.135904585925235e-05,1.0,1.0,0.9128380287717509,0.014967523298503371,0.2993375589763141,-0.20285085561139926,0.9733333333333334
CL,0.49033458787992545,0.346420598090777,0.15534947822142708,8.135904585925235e-05,1.0,1.0,0.49033458787992545,-0.12428431783270488,0.2993375589763141,-0.23636698080405938,0.9733333333333334
CLX,0.5287784969898855,0.3402366055847241,0.1542971244596026,8.135904585925235e-05,1.0,1.0,0.5287784969898855,-0.03660485933503832,0.2993375589763141,-0.1682560128696604,0.9733333333333334
CMA,1.3267895756397083,0.6181139336728714,0.25791631335037224,8.135904585925235e-05,1.0,1.0,1.3267895756397083,1.2209618874773143,0.2993375589763141,0.5896283472826451,0.9733333333333334
CMCSA,0.8832098346823134,0.47227813636143046,0.19186568118454544,8.135904585925235e-05,1.0,1.0,0.8832098346823134,-0.014215080346106301,0.2993375589763141,-0.22033994869481754,0.9733333333333334
CME,0.9155528112508846,0.5706273496871003,0.1820556840484356,8.135904585925235e-05,1.0,1.0,0.9155528112508846,0.6985497973981658,0.2993375589763141,0.3331794989656729,0.9733333333333334
CMG,0.7733921869728142,0.24861636519201444,0.31150362062550224,8.135904585925235e-05,1.0,1.0,0.7733921869728142,0.0021462770348357196,0.2993375589763141,-0.18624284188885176,0.9733333333333334
CMI,1.1348876336957627,0.5871046005023569,0.22111683375211313,8.135904585925235e-05,1.0,1.0,1.1348876336957627,0.25085528566541226,0.2993375589763141,-0.0663269739310719,0.9733333333333334
CMS,0.3585103373373906,0.271650466889338,0.1557533230928307,8.135904585925235e-05,1.0,1.0,0.3585103373373906,0.06625939849624052,0.2993375589763141,-0.037077243748105504,0.9733333333333334
CNC,1.0953620555969168,0.41411730265297936,0.30279743515597846,8.135904585925235e-05,1.0,1.0,1.0953620555969168,0.6221119773210488,0.2993375589763141,0.22157748275663214,0.9733333333333334
CNP,0.6116602031138162,0.41354909866527795,0.180141568985996,8.135904585925235e-05,1.0,1.0,0.6116602031138162,0.19802424786708572,0.2993375589763141,0.012620628604790074,0.9733333333333334
COF,1.2401311525171406,0.6309004348562801,0.22838595290582528,8.135904585925235e-05,1.0,1.0,1.2401311525171406,0.4500626174076392,0.2993375589763141,0.05749982501860429,0.9733333333333334
COG,1.0079931088968423,0.3668993337360913,0.3376272273764901,8.135904585925235e-05,1.0,1.0,1.0079931088968423,-0.0701394585726004,0.2993375589763141,-0.28567337241046964,0.9733333333333334
COL,0.5233640757868608,0.34638561135798684,0.16901655621702347,8.135904585925235e-05,1.0,1.0,0.5233640757868608,0.6229607250755289,0.2993375589763141,0.40314109788689656,0.9733333333333334
COO,0.86076436479148,0.46462593829343746,0.20581326958634005,8.135904585925235e-05,1.0,1.0,0.86076436479148,0.2846491228070174,0.2993375589763141,0.021460520513677528,0.9733333333333334
COP,1.0037486645316291,0.41930135111883193,0.3064632155385148,8.135904585925235e-05,1.0,1.0,1.0037486645316291,0.7664716357161026,0.2993375589763141,0.3583440298720466,0.9733333333333334
COST,0.8030573010553629,0.49178798168713195,0.17041052674487814,8.135904585925235e-05,1.0,1.0,0.8030573010553629,0.24640264866929829,0.2993375589763141,0.004851264263727062,0.9733333333333334
COTY,0.8053372073645572,0.2695381462977292,0.3233177832708435,8.135904585925235e-05,1.0,1.0,0.8053372073645572,-0.4400939702427564,0.2993375589763141,-0.5488513305318123,0.9733333333333334
CPB,0.5275631463523943,0.27063085024347894,0.1937856684046968,8.135904585925235e-05,1.0,1.0,0.5275631463523943,-0.30968946207364667,0.2993375589763141,-0.40383544872596777,0.9733333333333334
CRM,1.1095141655146996,0.5485524181201983,0.25633874578411686,8.135904585925235e-05,1.0,1.0,1.1095141655146996,0.5969437652811735,0.2993375589763141,0.19879939498641108,0.9733333333333334
CSCO,1.2419434932136328,0.7453654318279468,0.19578741870726304,8.135904585925235e-05,1.0,1.0,1.2419434932136328,0.5953456061132338,0.2993375589763141,0.16299149857616202,0.9733333333333334
CSX,1.2329762643225333,0.5326735181022014,0.2491996216132714,8.135904585925235e-05,1.0,1.0,1.2329762643225333,1.2966872952311617,0.2993375589763141,0.677545380015113,0.9733333333333334
CTAS,1.007464641494504,0.6076686171175965,0.173174092607059,8.135904585925235e-05,1.0,1.0,1.007464641494504,0.7555364642993507,0.2993375589763141,0.3487816697642827,0.9733333333333334
CTL,1.1897620251828451,0.39599571225423086,0.2949026587117901,8.135904585925235e-05,1.0,1.0,1.1897620251828451,-0.252193819152995,0.2993375589763141,-0.4485776343278326,0.9733333333333334
CTSH,0.9064608088840331,0.4948685921281414,0.22237645398390815,8.135904585925235e-05,1.0,1.0,0.9064608088840331,0.34398034398034394,0.2993375589763141,0.05713869287392748,0.9733333333333334
CTXS,1.0677661119460826,0.5758467208593916,0.23926749834740885,8.135904585925235e-05,1.0,1.0,1.0677661119460826,0.5143018176694378,0.2993375589763141,0.14752652060681082,0.9733333333333334
CVS,0.824081781706748,0.38923794578230225,0.19982234091231194,8.135904585925235e-05,1.0,1.0,0.824081781706748,-0.2739262766317213,0.2993375589763141,-0.41759351085553165,0.9733333333333334
CVX,0.9267882503714077,0.5784207802344713,0.2120027245042986,8.135904585925235e-05,1.0,1.0,0.9267882503714077,0.35787492156452627,0.2993375589763141,0.06298024886844744,0.9733333333333334
CXO,1.086443333308025,0.40992614622736523,0.34381237490763705,8.135904585925235e-05,1.0,1.0,1.086443333308025,0.22946859903381633,0.2993375589763141,-0.07224851777448837,0.9733333333333334
D,0.3241407211197005,0.24108139364000317,0.1484863391455417,8.135904585925235e-05,1.0,1.0,0.3241407211197005,-0.11260458099026194,0.2993375589763141,-0.1910909933441297,0.9733333333333334
DAL,1.245888272223734,0.5367883124387443,0.27112797411581646,8.135904585925235e-05,1.0,1.0,1.245888272223734,0.42434033387183634,0.2993375589763141,0.037437278029908594,0.9733333333333334
DE,1.1865020901375585,0.5804660489555863,0.21577246041345996,8.135904585925235e-05,1.0,1.0,1.1865020901375585,0.9655770513675783,0.2993375589763141,0.4504341348987997,0.9733333333333334
DFS,1.233437156043363,0.6657140956373089,0.2040949067430547,8.135904585925235e-05,1.0,1.0,1.233437156043363,0.3741112123974477,0.2993375589763141,0.0035766101687035867,0.9733333333333334
DHI,1.0723435231337766,0.5208890292037044,0.24998483912560926,8.135904585925235e-05,1.0,1.0,1.0723435231337766,0.36581569115815693,0.2993375589763141,0.03393129940109407,0.9733333333333334
DHR,0.9430765794018398,0.6558531863386432,0.15372215944636408,8.135904585925235e-05,1.0,1.0,0.9430765794018398,0.26424934806904266,0.2993375589763141,-0.014075425323724078,0.9733333333333334
DIS,0.7354643309057716,0.5119047585685563,0.17266516101492776,8.135904585925235e-05,1.0,1.0,0.7354643309057716,0.08863054607508514,0.2993375589763141,-0.10779111204161529,0.9733333333333334
DISCA,0.8992250049620916,0.32447895958199785,0.29062148855322273,8.135904585925235e-05,1.0,1.0,0.8992250049620916,-0.042247907532881546,0.2993375589763141,-0.2453723925183623,0.9733333333333334
DISCK,0.9487471866566541,0.34454848264906207,0.28465225281693984,8.135904585925235e-05,1.0,1.0,0.9487471866566541,-0.0692746536267318,0.2993375589763141,-0.2751335768976858,0.9733333333333334
DISH,0.8972396259934695,0.36567843627490554,0.26678452048673185,8.135904585925235e-05,1.0,1.0,0.8972396259934695,-0.41257955821789594,0.2993375589763141,-0.5369455687411493,0.9733333333333334
DLR,0.7064004349687472,0.3375388150031884,0.2063784996497235,8.135904585925235e-05,1.0,1.0,0.7064004349687472,0.10682673720622637,0.2993375589763141,-0.08636366026119091,0.9733333333333334
DLTR,0.8688048272809705,0.38338560144755196,0.24705668545045908,8.135904585925235e-05,1.0,1.0,0.8688048272809705,-0.024924706615432557,0.2993375589763141,-0.22617120197515117,0.9733333333333334
DOV,1.20031508008684,0.6114224436717914,0.22502250256184828,8.135904585925235e-05,1.0,1.0,1.20031508008684,0.3884788478847885,0.2993375589763141,0.02146654527180858,0.9733333333333334
DPS,0.304525237007887,0.24687517780359064,0.1514732623511531,8.135904585925235e-05,1.0,1.0,0.304525237007887,0.26320245528627373,0.2993375589763141,0.15767373249028416,0.9711111111111111
DRE,0.6618788353069534,0.41712191086041106,0.17882803946322198,8.135904585925235e-05,1.0,1.0,0.6618788353069534,0.08132530120481918,0.2993375589763141,-0.0974855500838615,0.9733333333333334
DRI,0.7255891343400426,0.3856040390187934,0.20502699145231948,8.135904585925235e-05,1.0,1.0,0.7255891343400426,0.5582197688459547,0.2993375589763141,0.2801715303509318,0.9733333333333334
DTE,0.34634473363351825,0.2612403307676289,0.15379665987684812,8.135904585925235e-05,1.0,1.0,0.34634473363351825,0.12954796030870996,0.2993375589763141,0.02344349280699265,0.9733333333333334
DUK,0.2958817023789674,0.2356286713327397,0.14963109397676586,8.135904585925235e-05,1.0,1.0,0.2958817023789674,-0.019012843112566125,0.2993375589763141,-0.09882827677129469,0.9733333333333334
DVA,0.772001086867456,0.34707777647538807,0.20381359207569244,8.135904585925235e-05,1.0,1.0,0.772001086867456,-0.14869744647923655,0.2993375589763141,-0.3084962921125317,0.9733333333333334
DVN,1.2733956453026363,0.39200432278397623,0.4223497830215248,8.135904585925235e-05,1.0,1.0,1.2733956453026363,0.08390682901005819,0.2993375589763141,-0.2152285438533439,0.9733333333333334
DWDP,1.1996754321976686,0.6723235585102619,0.21526361554951315,8.135904585925235e-05,1.0,1.0,1.1996754321976686,0.3090162331312343,0.2993375589763141,-0.036856295028295016,0.9733333333333334
DXC,1.0882246496124923,0.5321914932961735,0.3184722356575182,8.135904585925235e-05,1.0,1.0,1.0882246496124923,1.221278403057974,0.2993375589763141,0.6754925514892147,0.9733333333333334
EA,1.1710975977523046,0.5333944516112133,0.26286428055786426,8.135904585925235e-05,1.0,1.0,1.1710975977523046,0.7401729559748429,0.2993375589763141,0.28848872764169164,0.9733333333333334
EBAY,0.9685970151351785,0.4800553539900699,0.24399138102176177,8.135904585925235e-05,1.0,1.0,0.9685970151351785,0.22785622593068022,0.2993375589763141,-0.048127325425540435,0.9733333333333334
ECL,0.7971764707863078,0.653216188538202,0.1612180024647577,8.135904585925235e-05,1.0,1.0,0.7971764707863078,0.2688626368888507,0.2993375589763141,0.02441237783543171,0.9733333333333334
ED,0.3389196844634996,0.2520609364055944,0.15345303537271276,8.135904585925235e-05,1.0,1.0,0.3389196844634996,0.02031872509960153,0.2993375589763141,-0.07365977890353337,0.9733333333333334
EFX,0.815993188120017,0.39225309341673803,0.207835870804745,8.135904585925235e-05,1.0,1.0,0.815993188120017,-0.1159062885326757,0.2993375589763141,-0.2894607618805418,0.9733333333333334
EIX,0.3682443367498494,0.22692399319927814,0.17454491441256786,8.135904585925235e-05,1.0,1.0,0.3682443367498494,-0.1448380010982977,0.2993375589763141,-0.229742944077858,0.9733333333333334
EL,0.7285907862047992,0.43028426345548054,0.18994117604454383,8.135904585925235e-05,1.0,1.0,0.7285907862047992,0.5459858844287604,0.2993375589763141,0.2691837730631337,0.9733333333333334
EMN,1.1201307679694998,0.6682732629247432,0.21544470124048323,8.135904585925235e-05,1.0,1.0,1.1201307679694998,0.7093209481101859,0.2993375589763141,0.2801052346562154,0.9733333333333334
EMR,1.2239195855216085,0.6614826059472174,0.2011584011702008,8.135904585925235e-05,1.0,1.0,1.2239195855216085,0.38594802694898944,0.2993375589763141,0.014332132619380156,0.9733333333333334
EOG,0.9434824396194341,0.4315047784059118,0.28076882423302174,8.135904585925235e-05,1.0,1.0,0.9434824396194341,0.4539938080495356,0.2993375589763141,0.1337893308781375,0.9733333333333334
EQIX,0.6802727948500762,0.3577170907882258,0.20866089485754438,8.135904585925235e-05,1.0,1.0,0.6802727948500762,0.11589615438011935,0.2993375589763141,-0.07289196526737629,0.9733333333333334
EQR,0.4860836391498801,0.3599332529684582,0.16970933146221004,8.135904585925235e-05,1.0,1.0,0.4860836391498801,-0.027367438967501267,0.2993375589763141,-0.1509123200782735,0.9733333333333334
EQT,1.280834771652986,0.44971833818666107,0.31267815730897663,8.135904585925235e-05,1.0,1.0,1.280834771652986,-0.2996001654487799,0.2993375589763141,-0.49371198115863424,0.9733333333333334
ES,0.38767643398997703,0.283434122463436,0.1595027089624166,8.135904585925235e-05,1.0,1.0,0.38767643398997703,0.04973774642792539,0.2993375589763141,-0.05941364784133962,0.9733333333333334
ESRX,0.9349516565246487,0.4121667341736802,0.22119082585796063,8.135904585925235e-05,1.0,1.0,0.9349516565246487,-0.042986722755356865,0.2993375589763141,-0.2522551832718448,0.9733333333333334
ESS,0.418360074494276,0.2803853009298089,0.17553785489274115,8.135904585925235e-05,1.0,1.0,0.418360074494276,0.09030807285810671,0.2993375589763141,-0.031036128786647854,0.9733333333333334
ETFC,1.3885570120004156,0.6112730589065937,0.2762385338736654,8.135904585925235e-05,1.0,1.0,1.3885570120004156,1.567384370015949,0.2993375589763141,0.8135763271135212,0.9733333333333334
ETN,1.171797476652982,0.6664734290777299,0.20679342422119543,8.135904585925235e-05,1.0,1.0,1.171797476652982,0.28976218586608193,0.2993375589763141,-0.04516026170246523,0.9733333333333334
ETR,0.43357042703458953,0.2934019481567774,0.16719155563956936,8.135904585925235e-05,1.0,1.0,0.43357042703458953,0.061809857258281475,0.2993375589763141,-0.06016553715803741,0.9733333333333334
EVHC,0.599596444355194,0.18347338706403774,0.3761316608243381,8.135904585925235e-05,1.0,1.0,0.599596444355194,-0.42515620755229555,0.2993375589763141,-0.512630187572545,0.9733333333333334
EW,1.0079215848912335,0.4386960284023867,0.262740087670435,8.135904585925235e-05,1.0,1.0,1.0079215848912335,0.20599022004889989,0.2993375589763141,-0.07353301120660694,0.9733333333333334
EXC,0.4824043639652105,0.3008465223732996,0.1923233427489723,8.135904585925235e-05,1.0,1.0,0.4824043639652105,0.17456647398843916,0.2993375589763141,0.026358513850563092,0.9733333333333334
EXPD,0.8670383730220109,0.551424957880121,0.17820574748990184,8.135904585925235e-05,1.0,1.0,0.8670383730220109,0.496380558428128,0.2993375589763141,0.18804003382235246,0.9733333333333334
EXPE,0.7836817520723258,0.33317592131049617,0.2966401287453685,8.135904585925235e-05,1.0,1.0,0.7836817520723258,-0.007666173011586452,0.2993375589763141,-0.19622098162656154,0.9733333333333334
EXR,0.44660308167428475,0.23362305020884364,0.2025561234622763,8.135904585925235e-05,1.0,1.0,0.44660308167428475,0.1869158878504673,0.2993375589763141,0.04695379048697679,0.9733333333333334
F,1.0745229034849981,0.5779836063959054,0.21212976030931138,8.135904585925235e-05,1.0,1.0,1.0745229034849981,-0.033678756476683946,0.2993375589763141,-0.26884965519052917,0.9733333333333334
FAST,1.1019479566113712,0.5095343042256838,0.22337024512425036,8.135904585925235e-05,1.0,1.0,1.1019479566113712,0.2722358722358722,0.2993375589763141,-0.043326952724280665,0.9733333333333334
FB,1.1951828036828551,0.592241709587962,0.22930243836411596,8.135904585925235e-05,1.0,1.0,1.1951828036828551,0.5087138938195903,0.2993375589763141,0.11117608845228477,0.9733333333333334
FBHS,1.0596269045284836,0.6104039718077048,0.20685704238945,8.135904585925235e-05,1.0,1.0,1.0596269045284836,-0.09249676584734812,0.2993375589763141,-0.3110288570644517,0.9733333333333334
FCX,1.7943859760640253,0.46061704364903255,0.589221418107924,8.135904585925235e-05,1.0,1.0,1.7943859760640253,0.2592879256965943,0.2993375589763141,-0.180752254642904,0.9733333333333334
FDX,1.0981415524764606,0.6368862936904269,0.1935828000674005,8.135904585925235e-05,1.0,1.0,1.0981415524764606,0.5738301342366079,0.2993375589763141,0.18447531663613104,0.9733333333333334
FE,0.3749142887714393,0.22350603424234555,0.19925201761119415,8.135904585925235e-05,1.0,1.0,0.3749142887714393,0.06804640953276886,0.2993375589763141,-0.03972171245083089,0.9733333333333334
FFIV,0.9274218667113786,0.4600751419336511,0.2342575019774668,8.135904585925235e-05,1.0,1.0,0.9274218667113786,0.39167071787392627,0.2993375589763141,0.0892747582987985,0.9733333333333334
FIS,0.7691835800215493,0.580259636328614,0.17932615817891248,8.135904585925235e-05,1.0,1.0,0.7691835800215493,0.34976193540084943,0.2993375589763141,0.09714841202688329,0.9733333333333334
FISV,0.900606471259255,0.6262468314840048,0.1578366791374966,8.135904585925235e-05,1.0,1.0,0.900606471259255,0.31913736861181596,0.2993375589763141,0.03903008662751373,0.9733333333333334
FITB,1.2014419772560139,0.5704780587452487,0.24059727125609473,8.135904585925235e-05,1.0,1.0,1.2014419772560139,0.8608981380065714,0.2993375589763141,0.3686730624930643,0.9733333333333334
FL,0.9610624487325737,0.2600374843859757,0.326471785911813,8.135904585925235e-05,1.0,1.0,0.9610624487325737,-0.25450726413443026,0.2993375589763141,-0.42105839388124877,0.9733333333333334
FLIR,0.9290279186196284,0.5121512893990811,0.20865555724123191,8.135904585925235e-05,1.0,1.0,0.9290279186196284,0.7410207939508506,0.2993375589763141,0.36220201730618196,0.9733333333333334
FLR,1.1824427066374952,0.4859320261802878,0.2647759778208985,8.135904585925235e-05,1.0,1.0,1.1824427066374952,-0.10394610202117427,0.2993375589763141,-0.33819253296525253,0.9733333333333334
FLS,1.2392481998366773,0.49722264482043804,0.27007759281483956,8.135904585925235e-05,1.0,1.0,1.2392481998366773,-0.0626614987080103,0.2993375589763141,-0.316287182588491,0.9733333333333334
FMC,1.2153296083735294,0.5225286065340761,0.2721966404030621,8.135904585925235e-05,1.0,1.0,1.2153296083735294,0.9020111253744116,0.2993375589763141,0.394647143662326,0.9733333333333334
FOX,0.9124979931392257,0.4135733673491418,0.2253351350100376,8.135904585925235e-05,1.0,1.0,0.9124979931392257,0.42239089184060696,0.2993375589763141,0.11722622259543858,0.9733333333333334
FOXA,0.8611065947875707,0.38307803767358156,0.22703918073337082,8.135904585925235e-05,1.0,1.0,0.8611065947875707,0.46035411855273267,0.2993375589763141,0.16107391188613018,0.9733333333333334
FRT,0.5470102507532796,0.3403847172424642,0.1702674788289411,8.135904585925235e-05,1.0,1.0,0.5470102507532796,-0.26315789473684215,0.2993375589763141,-0.3668330952864338,0.9733333333333334
FTI,1.0919882861415893,0.4110493259918903,0.32164185716455784,8.135904585925235e-05,1.0,1.0,1.0919882861415893,0.27276341948310145,0.2993375589763141,-0.040779851663911404,0.9733333333333334
GD,0.8480907898824004,0.5481489448596192,0.16887405518209286,8.135904585925235e-05,1.0,1.0,0.8480907898824004,0.4310175438596491,0.2993375589763141,0.14128479279734862,0.9733333333333334
GE,0.7970302544955724,0.4080029844723296,0.19931643865432871,8.135904585925235e-05,1.0,1.0,0.7970302544955724,-0.49620427881297446,0.2993375589763141,-0.5932476888879681,0.9733333333333334
GGP,0.6754055073619198,0.31858161903923765,0.22069676490625875,8.135904585925235e-05,1.0,1.0,0.6754055073619198,-0.3029381965552178,0.2993375589763141,-0.42016574417179875,0.9733333333333334
GILD,1.0143107340969437,0.49747278458006355,0.2435531031399184,8.135904585925235e-05,1.0,1.0,1.0143107340969437,-0.12636999867951948,0.2993375589763141,-0.32984371928825307,0.9733333333333334
GIS,0.6525354635496652,0.3848503994694437,0.16772846617686502,8.135904585925235e-05,1.0,1.0,0.6525354635496652,-0.36921484548277395,0.2993375589763141,-0.4722913227289153,0.9733333333333334
GLW,1.1689829426545661,0.6924543029706611,0.20914721969254071,8.135904585925235e-05,1.0,1.0,1.1689829426545661,0.3102480112306971,0.2993375589763141,-0.02938875977705635,0.9733333333333334
GM,1.1906953531566689,0.5537991856317929,0.22803964990511946,8.135904585925235e-05,1.0,1.0,1.1906953531566689,0.27163047225094794,0.2993375589763141,-0.0625096785787631,0.9733333333333334
GOOG,1.3234053582366267,0.7476760051479026,0.20451474266126476,8.135904585925235e-05,1.0,1.0,1.3234053582366267,0.4285565629105479,0.2993375589763141,0.023215092327204756,0.9733333333333334
GOOGL,1.3055641305162935,0.7388150323223961,0.20177767808031508,8.135904585925235e-05,1.0,1.0,1.3055641305162935,0.3943184977380141,0.2993375589763141,0.0025266801521330873,0.9733333333333334
GPC,0.8855623634632568,0.5042390188883402,0.18162710529565734,8.135904585925235e-05,1.0,1.0,0.8855623634632568,-0.059586292065452406,0.2993375589763141,-0.25663818527961835,0.9733333333333334
GPN,1.1402178427241725,0.5904241171322625,0.236043956983094,8.135904585925235e-05,1.0,1.0,1.1402178427241725,0.5569111140903604,0.2993375589763141,0.16073919094785882,0.9733333333333334
GRMN,0.8535376781573742,0.48338647258191764,0.23143578142637683,8.135904585925235e-05,1.0,1.0,0.8535376781573742,0.19850414392561144,0.2993375589763141,-0.04539380959020145,0.9733333333333334
GS,1.3055405435961895,0.6504562164719107,0.21935800177933965,8.135904585925235e-05,1.0,1.0,1.3055405435961895,0.5641983258209915,0.2993375589763141,0.12467740908721248,0.9733333333333334
GT,1.226014017709896,0.5267335088393125,0.2584263637373034,8.135904585925235e-05,1.0,1.0,1.226014017709896,-0.08557107053347657,0.2993375589763141,-0.33106492175505586,0.9733333333333334
GWW,0.9451311411717588,0.3734995641190743,0.2339573853491599,8.135904585925235e-05,1.0,1.0,0.9451311411717588,0.4169817642272531,0.2993375589763141,0.10450318106163503,0.9733333333333334
HAL,1.0550880727478305,0.4701018416853612,0.2838601188766473,8.135904585925235e-05,1.0,1.0,1.0550880727478305,0.23098657876147866,0.2993375589763141,-0.06447722836057479,0.9733333333333334
HAS,0.7147686485091905,0.32457338535778796,0.23748926933744352,8.135904585925235e-05,1.0,1.0,0.7147686485091905,0.12088900308324768,0.2993375589763141,-0.07666506436211928,0.9733333333333334
HBAN,1.236948652006962,0.5721313030420947,0.23869832109595746,8.135904585925235e-05,1.0,1.0,1.236948652006962,0.679245283018868,0.2993375589763141,0.2254892667397439,0.9733333333333334
HBI,0.9530036258379827,0.36390467800008286,0.2912570146695647,8.135904585925235e-05,1.0,1.0,0.9530036258379827,-0.34417875343002746,0.2993375589763141,-0.4897403974963763,0.9733333333333334
HCA,0.8366629092309905,0.4075962458549677,0.23621108201110544,8.135904585925235e-05,1.0,1.0,0.8366629092309905,0.32422586520947183,0.2993375589763141,0.059003997722838486,0.9733333333333334
HCP,0.39297611984456576,0.2094894890727763,0.21231855012982423,8.135904585925235e-05,1.0,1.0,0.39297611984456576,-0.24655819774718402,0.2993375589763141,-0.32585908707952815,0.9733333333333334
HD,0.9996837207709929,0.6421010266911993,0.17291352978129174,8.135904585925235e-05,1.0,1.0,0.9996837207709929,0.43122508836579687,0.2993375589763141,0.10158393414630185,0.9733333333333334
HES,1.4008581328057053,0.45769262750703654,0.36396280002225034,8.135904585925235e-05,1.0,1.0,1.4008581328057053,0.21291819764068842,0.2993375589763141,-0.145428713348829,0.9733333333333334
HIG,0.8189130475680455,0.5337265224214683,0.18892264250361124,8.135904585925235e-05,1.0,1.0,0.8189130475680455,0.3630705394190872,0.2993375589763141,0.0947202067600521,0.9733333333333334
HII,0.9195232086316285,0.413734816103582,0.23525942089291027,8.135904585925235e-05,1.0,1.0,0.9195232086316285,0.3026269080582178,0.2993375589763141,0.021469611366852437,0.9733333333333334
HLT,0.9051983200770845,0.5453773440508765,0.2194609125094932,8.135904585925235e-05,1.0,1.0,0.9051983200770845,0.7832585949177879,0.2993375589763141,0.40308018948900126,0.9733333333333334
HOG,0.8792965671878137,0.41175501379880086,0.2628710909000007,8.135904585925235e-05,1.0,1.0,0.8792965671878137,-0.19139230464101542,0.2993375589763141,-0.35987686651709305,0.9733333333333334
HOLX,0.8563397004844748,0.46090924094517627,0.22169145134480628,8.135904585925235e-05,1.0,1.0,0.8563397004844748,-0.005975578072226706,0.2993375589763141,-0.2087900836587211,0.9733333333333334
HON,0.9249392644264377,0.7517367688659703,0.15495383462565102,8.135904585925235e-05,1.0,1.0,0.9249392644264377,0.32054843623980656,0.2993375589763141,0.03420818620964261,0.9733333333333334
HP,1.1204348270528595,0.39223866511397576,0.3604022187828904,8.135904585925235e-05,1.0,1.0,1.1204348270528595,0.20683610867659952,0.2993375589763141,-0.09626572627404806,0.9733333333333334
HPQ,1.3036341805331622,0.6232348263042614,0.2679826503658919,8.135904585925235e-05,1.0,1.0,1.3036341805331622,0.7075187969924812,0.2993375589763141,0.22823049626710712,0.9733333333333334
HRB,0.9025506254260257,0.31172699072585003,0.29428242457580517,8.135904585925235e-05,1.0,1.0,0.9025506254260257,0.24887892376681608,0.2993375589763141,-0.016760293925739633,0.9733333333333334
HRL,0.7002622043104003,0.3818770625174151,0.19453382485337753,8.135904585925235e-05,1.0,1.0,0.7002622043104003,0.01115448968209698,0.2993375589763141,-0.16406900168914784,0.9733333333333334
HRS,0.800848728581526,0.5300586100258659,0.18442165833620563,8.135904585925235e-05,1.0,1.0,0.800848728581526,0.8688857074683849,0.2993375589763141,0.5075013078778097,0.9733333333333334
HSIC,0.8285270976536758,0.39275126442085667,0.2014045769914039,8.135904585925235e-05,1.0,1.0,0.8285270976536758,-0.1939440822190297,0.2993375589763141,-0.35412666286073635,0.9733333333333334
HST,0.91130232221355,0.4714010784899924,0.23970607354340562,8.135904585925235e-05,1.0,1.0,0.91130232221355,0.26556776556776573,0.2993375589763141,-0.005671999306639086,0.9733333333333334
HSY,0.4859853699886783,0.3353529272626844,0.17236670855397604,8.135904585925235e-05,1.0,1.0,0.4859853699886783,-0.12962439988703767,0.2993375589763141,-0.24016097479813947,0.9733333333333334
HUM,0.6393129824023884,0.34454483294116606,0.22771405091464766,8.135904585925235e-05,1.0,1.0,0.6393129824023884,0.6697161623269998,0.2993375589763141,0.40150886721868484,0.9733333333333334
IBM,0.887275551372944,0.5750734033403686,0.18284457561673095,8.135904585925235e-05,1.0,1.0,0.887275551372944,-0.03125210027555614,0.2993375589763141,-0.23455135486507872,0.9733333333333334
ICE,0.8983964316957924,0.5596708114522334,0.19069332608952458,8.135904585925235e-05,1.0,1.0,0.8983964316957924,0.41006910167818367,0.2993375589763141,0.11123229574023163,0.9733333333333334
IDXX,1.25902249416233,0.5373374098153758,0.25244873826092085,8.135904585925235e-05,1.0,1.0,1.25902249416233,1.2537583964175285,0.2993375589763141,0.6368676374500102,0.9733333333333334
IFF,0.7791270753144065,0.48263940174858827,0.19248333030755288,8.135904585925235e-05,1.0,1.0,0.7791270753144065,-0.009315323707498768,0.2993375589763141,-0.1966696354610985,0.9733333333333334
ILMN,1.2692464357270479,0.48783086823293925,0.34430586703287697,8.135904585925235e-05,1.0,1.0,1.2692464357270479,0.604989480012023,0.2993375589763141,0.16309221464456147,0.9733333333333334
INCY,1.2389384925300813,0.3494230432725042,0.4186872933215385,8.135904585925235e-05,1.0,1.0,1.2389384925300813,-0.2633854339873627,0.2993375589763141,-0.46266276409987006,0.9733333333333334
INFO,0.8016045214490597,0.5729486059322315,0.17247589910814232,8.135904585925235e-05,1.0,1.0,0.8016045214490597,0.503742084052965,0.2993375589763141,0.21274379680877242,0.9733333333333334
INTC,1.3187581310887773,0.6384140902639435,0.22017470700794123,8.135904585925235e-05,1.0,1.0,1.3187581310887773,0.6576713159490601,0.2993375589763141,0.18850457234725182,0.9733333333333334
INTU,1.0379147056174665,0.6194430118603744,0.1973287787655483,8.135904585925235e-05,1.0,1.0,1.0379147056174665,0.7832874196510557,0.2993375589763141,0.36057473503874493,0.9733333333333334
IP,1.1082649010754932,0.5917597691736858,0.21247904685469654,8.135904585925235e-05,1.0,1.0,1.1082649010754932,0.24738432922576137,0.2993375589763141,-0.06334618212355725,0.9733333333333334
IPG,0.9576347102807468,0.45292509751306287,0.21742643714124327,8.135904585925235e-05,1.0,1.0,0.9576347102807468,0.11080586080586086,0.2993375589763141,-0.13667225020747698,0.9733333333333334
IPGP,1.422902142181718,0.5033169428725843,0.2939928453228533,8.135904585925235e-05,1.0,1.0,1.422902142181718,1.9833906750504209,0.2993375589763141,1.0922448835232017,0.9733333333333334
IQV,0.9122017632706311,0.5067833533492766,0.20145024031171763,8.135904585925235e-05,1.0,1.0,0.9122017632706311,0.3268933539412673,0.2993375589763141,0.04228965127623319,0.9733333333333334
IR,1.2228928981621427,0.6715410678732658,0.20070983190894848,8.135904585925235e-05,1.0,1.0,1.2228928981621427,0.38868042526579094,0.2993375589763141,0.016560536936327974,0.9733333333333334
IRM,0.7530376540665371,0.3923081948599278,0.21270339723435955,8.135904585925235e-05,1.0,1.0,0.7530376540665371,-0.09353879426872125,0.2993375589763141,-0.2602807296638101,0.9733333333333334
ISRG,1.0950290143930586,0.5293843308238796,0.2093270386510389,8.135904585925235e-05,1.0,1.0,1.0950290143930586,1.019446360814074,0.2993375589763141,0.5209156059534761,0.9733333333333334
IT,0.9333829722011654,0.5226511915848331,0.1905517905617452,8.135904585925235e-05,1.0,1.0,0.9333829722011654,0.3470324189526184,0.2993375589763141,0.05286542069545508,0.9733333333333334
ITW,1.1854185775426611,0.7676349938282447,0.16715519073073556,8.135904585925235e-05,1.0,1.0,1.1854185775426611,0.3085898931873261,0.2993375589763141,-0.03413716735805372,0.9733333333333334
IVZ,1.4681810029519498,0.7100646032187301,0.24169397148780555,8.135904585925235e-05,1.0,1.0,1.4681810029519498,0.06374952847981885,0.2993375589763141,-0.26101907686354875,0.9733333333333334
JBHT,0.8849541122401778,0.4911632478891336,0.19349266419128613,8.135904585925235e-05,1.0,1.0,0.8849541122401778,0.5286327406499081,0.2993375589763141,0.2085008586458057,0.9733333333333334
JCI,1.1015980346793754,0.5514794148537452,0.20699733625591127,8.135904585925235e-05,1.0,1.0,1.1015980346793754,-0.1092024539877301,0.2993375589763141,-0.33010132031818185,0.9733333333333334
JEC,1.2418206245829853,0.5820617339678167,0.2393525770654565,8.135904585925235e-05,1.0,1.0,1.2418206245829853,0.20314274895872764,0.2993375589763141,-0.12289706985318005,0.9733333333333334
JNJ,0.7781452273889602,0.5767399863488625,0.1411292456526256,8.135904585925235e-05,1.0,1.0,0.7781452273889602,0.06343501880484737,0.2993375589763141,-0.1374719864584787,0.9733333333333334
JNPR,1.024983224777866,0.4860746230645852,0.24493667683583054,8.135904585925235e-05,1.0,1.0,1.024983224777866,0.20326678765880213,0.2993375589763141,-0.07923777387193454,0.9733333333333334
JPM,1.1676645407928339,0.6943929071076445,0.19982084223712238,8.135904585925235e-05,1.0,1.0,1.1676645407928339,0.8631975126820488,0.2993375589763141,0.3806312106322709,0.9733333333333334
JWN,0.9997664148399116,0.30538173920918427,0.31040756025975075,8.135904585925235e-05,1.0,1.0,0.9997664148399116,0.16579073100812236,0.2993375589763141,-0.10273241881488304,0.9733333333333334
K,0.5541888138748005,0.3340196180512458,0.1701840694766927,8.135904585925235e-05,1.0,1.0,0.5541888138748005,-0.21826053737425188,0.2993375589763141,-0.32949096403667544,0.9733333333333334
KEY,1.312218473719774,0.5865536426696772,0.24948359043488352,8.135904585925235e-05,1.0,1.0,1.312218473719774,0.7865961199294533,0.2993375589763141,0.28274044976782964,0.9733333333333334
KIM,0.549773241660394,0.25003347232040407,0.21723327406269935,8.135904585925235e-05,1.0,1.0,0.549773241660394,-0.49826147426981926,0.2993375589763141,-0.5691633116743662,0.9733333333333334
KLAC,1.5221022185205406,0.6114759412931247,0.24185626836230265,8.135904585925235e-05,1.0,1.0,1.5221022185205406,0.5339041568844083,0.2993375589763141,0.05377891703997806,0.9733333333333334
KMB,0.5489951322362125,0.3794749616081728,0.1564341082401357,8.135904585925235e-05,1.0,1.0,0.5489951322362125,-0.14451149893981408,0.2993375589763141,-0.2652556163933828,0.9733333333333334
KMI,1.0525922934957097,0.5202865919911116,0.3096018370956076,8.135904585925235e-05,1.0,1.0,1.0525922934957097,-0.1463288521199585,0.2993375589763141,-0.35086011253706895,0.9733333333333334
KMX,1.172933212275796,0.4893994681231211,0.26664871381391547,8.135904585925235e-05,1.0,1.0,1.172933212275796,0.09509097150703738,0.2993375589763141,-0.1894837031704052,0.9733333333333334
KO,0.557201392164828,0.5175695655688666,0.12234959670937637,8.135904585925235e-05,1.0,1.0,0.557201392164828,0.024058323207776455,0.2993375589763141,-0.1223294867040049,0.9733333333333334
KORS,0.9662270779585639,0.3657795866678295,0.3426317480871593,8.135904585925235e-05,1.0,1.0,0.9662270779585639,0.2196442382057231,0.2993375589763141,-0.05397324116626523,0.9733333333333334
KR,0.7053936796375259,0.26861943532287896,0.24784390776550375,8.135904585925235e-05,1.0,1.0,0.7053936796375259,-0.2590470446320867,0.2993375589763141,-0.38822404130128796,0.9733333333333334
KSS,1.1545809496608286,0.33577720809399425,0.34063392747347837,8.135904585925235e-05,1.0,1.0,1.1545809496608286,0.5950741525423728,0.2993375589763141,0.18539161619838374,0.9733333333333334
KSU,0.9735742828768481,0.4977066720716907,0.24264252909050887,8.135904585925235e-05,1.0,1.0,0.9735742828768481,0.17295798677756458,0.2993375589763141,-0.09173521267257256,0.9733333333333334
L,0.917796537139121,0.7105874253374722,0.15224645780064325,8.135904585925235e-05,1.0,1.0,0.917796537139121,0.2625793844650708,0.2993375589763141,-0.009532670686421718,0.9733333333333334
LB,1.0284649232084415,0.30229083336931367,0.30911003884453975,8.135904585925235e-05,1.0,1.0,1.0284649232084415,-0.5191134910010413,0.2993375589763141,-0.6323098968239531,0.9733333333333334
LEG,1.006610970302846,0.5776360572315729,0.18841482603383536,8.135904585925235e-05,1.0,1.0,1.006610970302846,-0.16192954363490797,0.2993375589763141,-0.3559825951321326,0.9733333333333334
LEN,1.0501820935822468,0.5020513020069278,0.2412671413791739,8.135904585925235e-05,1.0,1.0,1.0501820935822468,0.18614813196416846,0.2993375589763141,-0.09754626995784987,0.9733333333333334
LH,0.8826024030399461,0.5513229133995148,0.17868142444517937,8.135904585925235e-05,1.0,1.0,0.8826024030399461,0.26067641157924903,0.2993375589763141,-0.0027840913571088866,0.9733333333333334
LKQ,0.953621803468207,0.5565696150293334,0.2132673804879207,8.135904585925235e-05,1.0,1.0,0.953621803468207,-0.11951148589706306,0.2993375589763141,-0.31503737162861933,0.9733333333333334
LLL,0.9325160456485206,0.5499655986279933,0.18194832551603007,8.135904585925235e-05,1.0,1.0,0.9325160456485206,0.3331067301155677,0.2993375589763141,0.04219223590911714,0.9733333333333334
LLY,0.8686146293420616,0.5110445630448739,0.20798642432652223,8.135904585925235e-05,1.0,1.0,0.8686146293420616,0.04844862665310279,0.2993375589763141,-0.16790384756519172,0.9733333333333334
LMT,0.7324276214152371,0.4788673179812075,0.1527679559346185,8.135904585925235e-05,1.0,1.0,0.7324276214152371,0.34078119827871567,0.2993375589763141,0.09968323981014038,0.9733333333333334
LNC,1.3459517292174017,0.6015716570531418,0.2693596514518491,8.135904585925235e-05,1.0,1.0,1.3459517292174017,0.6212157330154946,0.2993375589763141,0.1556224794292833,0.9733333333333334
LNT,0.37627023125004394,0.26174596285829077,0.16280195463196853,8.135904585925235e-05,1.0,1.0,0.37627023125004394,0.0942999737325978,0.2993375589763141,-0.016476105211687075,0.9733333333333334
LOW,1.088530820444489,0.517318771018177,0.20832309718215433,8.135904585925235e-05,1.0,1.0,1.088530820444489,0.09889419452123649,0.2993375589763141,-0.17117018593737654,0.9733333333333334
LRCX,1.8471763087636186,0.6388256317201537,0.282777018613813,8.135904585925235e-05,1.0,1.0,1.8471763087636186,1.2955580865603649,0.2993375589763141,0.4782116381699206,0.9733333333333334
LUK,1.1825956167178355,0.617408441455328,0.2270848595848852,8.135904585925235e-05,1.0,1.0,1.1825956167178355,0.37591036414565804,0.2993375589763141,0.016185491353901904,0.9733333333333334
LUV,1.0928307794942718,0.4772003120508639,0.2676012989756041,8.135904585925235e-05,1.0,1.0,1.0928307794942718,0.43844255552508926,0.2993375589763141,0.08387848366131312,0.9733333333333334
LYB,1.1472323671190812,0.5489477541713239,0.26041861691026724,8.135904585925235e-05,1.0,1.0,1.1472323671190812,0.6031045286243235,0.2993375589763141,0.19331019066265376,0.9733333333333334
M,1.0296151733043348,0.2828622772178373,0.3380956129459504,8.135904585925235e-05,1.0,1.0,1.0296151733043348,-0.09218989280245016,0.2993375589763141,-0.30606300455034074,0.9733333333333334
MA,1.1256380572289895,0.7106168264680807,0.18174437779583225,8.135904585925235e-05,1.0,1.0,1.1256380572289895,1.0551658163265305,0.2993375589763141,0.5372095830182961,0.9733333333333334
MAA,0.5248900615255094,0.32583355782403617,0.17784052334435269,8.135904585925235e-05,1.0,1.0,0.5248900615255094,-0.0752990851513019,0.2993375589763141,-0.20085949040976347,0.9733333333333334
MAC,0.6555507237875773,0.3077785104958146,0.22298678023554644,8.135904585925235e-05,1.0,1.0,0.6555507237875773,-0.29398636081835094,0.2993375589763141,-0.4098015628594416,0.9733333333333334
MAR,1.0493617414769416,0.6010053389257843,0.21708206938064434,8.135904585925235e-05,1.0,1.0,1.0493617414769416,0.9957179560376819,0.2993375589763141,0.5186801862802399,0.9733333333333334
MAS,1.2046797053051967,0.6244919135533483,0.22432637291969573,8.135904585925235e-05,1.0,1.0,1.2046797053051967,0.06400223588596976,0.2993375589763141,-0.21799379989414458,0.9733333333333334
MAT,0.39896417547847357,0.11518245846209135,0.3415943311455213,8.135904585925235e-05,1.0,1.0,0.39896417547847357,-0.5247524752475248,0.2993375589763141,-0.575453879703817,0.9733333333333334
MCD,0.6369622814292702,0.4559037809322057,0.15451623509851292,8.135904585925235e-05,1.0,1.0,0.6369622814292702,0.4738014614150774,0.2993375589763141,0.2377951098591753,0.9733333333333334
MCHP,1.3610730854588764,0.59764056560975,0.23848963364635967,8.135904585925235e-05,1.0,1.0,1.3610730854588764,0.7276951672862455,0.2993375589763141,0.22756164127858303,0.9733333333333334
MCK,0.904462493759775,0.382865190266706,0.24065603531824814,8.135904585925235e-05,1.0,1.0,0.904462493759775,-0.22237856993954552,0.2993375589763141,-0.38805603203145833,0.9733333333333334
MCO,1.1044412374103711,0.7171143580325928,0.19449801285494023,8.135904585925235e-05,1.0,1.0,1.1044412374103711,0.6847352628012777,0.2993375589763141,0.2661463405522073,0.9733333333333334
MDLZ,0.8868513215055637,0.492105911692927,0.205603443184488,8.135904585925235e-05,1.0,1.0,0.8868513215055637,-0.07780912082745661,0.2993375589763141,-0.2712649036264181,0.9733333333333334
MDT,0.8730365130658767,0.5556838226125242,0.17409510693347297,8.135904585925235e-05,1.0,1.0,0.8730365130658767,0.014946619217081958,0.2993375589763141,-0.1953378481178174,0.9733333333333334
MET,1.1022543987141276,0.5401153776869143,0.23808614394881894,8.135904585925235e-05,1.0,1.0,1.1022543987141276,0.317093776401014,0.2993375589763141,-0.009663823431617757,0.9733333333333334
MGM,1.2344176112703202,0.513835291162514,0.3052960683555594,8.135904585925235e-05,1.0,1.0,1.2344176112703202,0.3497453310696097,0.2993375589763141,-0.014430167530122828,0.9733333333333334
MHK,0.9693161691408911,0.5680726541120436,0.2063799502727792,8.135904585925235e-05,1.0,1.0,0.9693161691408911,0.022207332248492362,0.2993375589763141,-0.20768502537163214,0.9733333333333334
MKC,0.6174032884570348,0.3927667975016108,0.1626739961928939,8.135904585925235e-05,1.0,1.0,0.6174032884570348,0.08276001618777817,0.2993375589763141,-0.08613347743145727,0.9733333333333334
MLM,1.0493274125875878,0.43864757962641,0.2748819768528887,8.135904585925235e-05,1.0,1.0,1.0493274125875878,0.07838230141648728,0.2993375589763141,-0.17937770918669982,0.9733333333333334
MMC,0.7691148264292309,0.6068975145559092,0.1438101684309074,8.135904585925235e-05,1.0,1.0,0.7691148264292309,0.29496745515161127,0.2993375589763141,0.05262655434489161,0.9733333333333334
MMM,1.0267379577525575,0.6937385499986508,0.15765521720966227,8.135904585925235e-05,1.0,1.0,1.0267379577525575,0.19920505026888002,0.2993375589763141,-0.08271458200987736,0.9733333333333334
MNST,0.9982614203074216,0.46116967499583245,0.2601066725532486,8.135904585925235e-05,1.0,1.0,0.9982614203074216,-0.07975345536047806,0.2993375589763141,-0.2914733578858656,0.9733333333333334
MO,0.6685470437646263,0.4186691049137,0.16428101189827005,8.135904585925235e-05,1.0,1.0,0.6685470437646263,-0.13018124507486217,0.2993375589763141,-0.27522426415625956,0.9733333333333334
MON,0.29511108313329326,0.32752327958588495,0.1779729662055896,8.135904585925235e-05,1.0,1.0,0.29511108313329326,0.21024598101878755,0.2993375589763141,0.11201315094098474,0.9733333333333334
MOS,1.316163411636757,0.44094039968350895,0.3352137435269048,8.135904585925235e-05,1.0,1.0,1.316163411636757,0.028261711188540373,0.2993375589763141,-0.26235396580188797,0.9733333333333334
MPC,1.194230440828389,0.5123769062497642,0.31421167286229934,8.135904585925235e-05,1.0,1.0,1.194230440828389,1.0676470588235296,0.2993375589763141,0.5231532450067229,0.9733333333333334
MRK,0.6844271737627003,0.40439024983295974,0.18283271495942033,8.135904585925235e-05,1.0,1.0,0.6844271737627003,0.0739474631162289,0.2993375589763141,-0.10866465194295027,0.9733333333333334
MRO,1.4778404949471782,0.4091094675129657,0.4649193318618144,8.135904585925235e-05,1.0,1.0,1.4778404949471782,0.5765765765765765,0.2993375589763141,0.09304347404473257,0.9733333333333334
MS,1.437765470706374,0.6820067445959321,0.2505868518829118,8.135904585925235e-05,1.0,1.0,1.437765470706374,0.9884726224783862,0.2993375589763141,0.3901735944943383,0.9733333333333334
MSCI,1.0861090909849855,0.5871284985126428,0.19566041276130078,8.135904585925235e-05,1.0,1.0,1.0861090909849855,0.9119847962940968,0.2993375589763141,0.4428840741270079,0.9733333333333334
MSFT,1.3208257605525424,0.7653296731930961,0.21501276339147146,8.135904585925235e-05,1.0,1.0,1.3208257605525424,0.7936478795667341,0.2993375589763141,0.2854256097533625,0.9733333333333334
MSI,0.795301644772662,0.5095708904251519,0.18283036413168235,8.135904585925235e-05,1.0,1.0,0.795301644772662,0.6225482856715077,0.2993375589763141,0.31055320277351184,0.9733333333333334
MTB,1.0915106769384082,0.6144307768344741,0.20676028623655748,8.135904585925235e-05,1.0,1.0,1.0915106769384082,0.675451263537906,0.2993375589763141,0.2628425411951496,0.9733333333333334
MTD,1.1378408913602687,0.6409380459118144,0.19451837377184608,8.135904585925235e-05,1.0,1.0,1.1378408913602687,0.37088105834002105,0.2993375589763141,0.022588823633404642,0.9733333333333334
MU,1.8460805937732065,0.4983140687505149,0.43282139225093796,8.135904585925235e-05,1.0,1.0,1.8460805937732065,2.7714701601164484,0.2993375589763141,1.4291299129076802,0.9733333333333334
MYL,1.1258809713866234,0.40396776411238106,0.3459041126294392,8.135904585925235e-05,1.0,1.0,1.1258809713866234,-0.1790980978841633,0.2993375589763141,-0.38602051830398765,0.9733333333333334
NAVI,1.0849566010201213,0.36430571224032865,0.3243841454562921,8.135904585925235e-05,1.0,1.0,1.0849566010201213,0.026676829268292845,0.2993375589763141,-0.22501401954917455,0.9733333333333334
NBL,1.1697222659426734,0.406473309879683,0.35083267593087303,8.135904585925235e-05,1.0,1.0,1.1697222659426734,0.0017241379310346527,0.2993375589763141,-0.2580600554934309,0.9733333333333334
NCLH,1.0210915878945253,0.38074791529558694,0.3015401597981955,8.135904585925235e-05,1.0,1.0,1.0210915878945253,0.20798122065727687,0.2993375589763141,-0.07480547099552981,0.9733333333333334
NDAQ,0.7796597264354422,0.5776870504894499,0.17117933114641753,8.135904585925235e-05,1.0,1.0,0.7796597264354422,0.3232972814966384,0.2993375589763141,0.07290189335197494,0.9733333333333334
NEE,0.3796303141762376,0.27529642688103767,0.15397213560553397,8.135904585925235e-05,1.0,1.0,0.3796303141762376,0.3263470583381469,0.2993375589763141,0.19100418715335898,0.9733333333333334
NEM,0.51813167719521,0.1872115398957958,0.3671983127071255,8.135904585925235e-05,1.0,1.0,0.51813167719521,-0.07021178637200731,0.2993375589763141,-0.1950556532948191,0.9733333333333334
NFLX,1.5266443724002916,0.5068779346542145,0.39038353867256903,8.135904585925235e-05,1.0,1.0,1.5266443724002916,2.577643835616438,0.2993375589763141,1.4555168395780456,0.9733333333333334
NFX,1.359129255639404,0.3860232801109637,0.4119148485703831,8.135904585925235e-05,1.0,1.0,1.359129255639404,-0.3545034642032332,0.2993375589763141,-0.5411722339063612,0.9733333333333334
NI,0.4408072855995609,0.2939074002202911,0.17934803564993748,8.135904585925235e-05,1.0,1.0,0.4408072855995609,0.023819301848049257,0.2993375589763141,-0.09552617881395853,0.9733333333333334
NKE,0.8676388277969067,0.45665081889488685,0.20758766176813892,8.135904585925235e-05,1.0,1.0,0.8676388277969067,0.2646460912955093,0.2993375589763141,0.003912944689075326,0.9733333333333334
NKTR,1.4274933690224239,0.2733216997825806,0.5114052992266539,8.135904585925235e-05,1.0,1.0,1.4274933690224239,3.5945633314054364,0.2993375589763141,2.2190539258215445,0.9733333333333334
NLSN,0.8950637568696221,0.4267287439288824,0.21039028602000037,8.135904585925235e-05,1.0,1.0,0.8950637568696221,-0.4006754072308304,0.2993375589763141,-0.5273190247844072,0.9733333333333334
NOC,0.7359181487133892,0.47009045084476553,0.1673287226168522,8.135904585925235e-05,1.0,1.0,0.7359181487133892,0.5405379806781587,0.2993375589763141,0.2624380913307045,0.9733333333333334
NOV,1.2484582994079767,0.4479812961075805,0.33543338701590564,8.135904585925235e-05,1.0,1.0,1.2484582994079767,0.2691226974711207,0.2993375589763141,-0.07613523039668801,0.9733333333333334
NRG,1.1230630834989692,0.3512345092633365,0.4084297998748414,8.135904585925235e-05,1.0,1.0,1.1230630834989692,1.5500365230094957,0.2993375589763141,0.9084600411983201,0.9733333333333334
NSC,1.2313081192105295,0.627995440932671,0.2320518816674118,8.135904585925235e-05,1.0,1.0,1.2313081192105295,0.7729176361098187,0.2993375589763141,0.29544624691910704,0.9733333333333334
NTAP,1.3821208134624263,0.5575801756988418,0.2614690634869343,8.135904585925235e-05,1.0,1.0,1.3821208134624263,1.8307873090481785,0.2993375589763141,1.0023667815669453,0.9733333333333334
NTRS,1.2241111538899108,0.6688037224440921,0.21901526737455648,8.135904585925235e-05,1.0,1.0,1.2241111538899108,0.6634086744043983,0.2993375589763141,0.2173458368095924,0.9733333333333334
NUE,1.3036343636308827,0.5355167387435954,0.26239581434578596,8.135904585925235e-05,1.0,1.0,1.3036343636308827,0.23185011709601855,0.2993375589763141,-0.11392142583473552,0.9733333333333334
NVDA,1.8708005715492002,0.4953289125878692,0.35928881346616487,8.135904585925235e-05,1.0,1.0,1.8708005715492002,3.493027360988526,0.2993375589763141,1.8801441261380787,0.9733333333333334
NWL,1.1314218269618677,0.3909330849941742,0.27836505380125254,8.135904585925235e-05,1.0,1.0,1.1314218269618677,-0.4650059311981021,0.2993375589763141,-0.6003561354405684,0.9733333333333334
NWS,1.0060472014772928,0.5012674429233788,0.23434823790395654,8.135904585925235e-05,1.0,1.0,1.0060472014772928,0.18683001531393573,0.2993375589763141,-0.08785912391397,0.9733333333333334
NWSA,1.0191041236025218,0.5170497922916434,0.23922319254023416,8.135904585925235e-05,1.0,1.0,1.0191041236025218,0.2047619047619047,0.2993375589763141,-0.07685051455796432,0.9733333333333334
O,0.5639610082500822,0.3191648129768115,0.1872534524853651,8.135904585925235e-05,1.0,1.0,0.5639610082500822,-0.19845711692633483,0.2993375589763141,-0.31422587759972453,0.9733333333333334
OKE,1.0248234326370775,0.45690296023116134,0.3544255227572216,8.135904585925235e-05,1.0,1.0,1.0248234326370775,0.6275964391691393,0.2993375589763141,0.2455127910496231,0.9733333333333334
OMC,0.6878740076968002,0.4117490145739769,0.17201600345586707,8.135904585925235e-05,1.0,1.0,0.6878740076968002,-0.041001405032571325,0.2993375589763141,-0.20474881426149105,0.9733333333333334
ORCL,0.9930555656480805,0.5794913688970169,0.18768854926179562,8.135904585925235e-05,1.0,1.0,0.9930555656480805,0.1728456913827654,0.2993375589763141,-0.09590463737061283,0.9733333333333334
ORLY,0.8676563764141016,0.3510570392861829,0.2353218302183468,8.135904585925235e-05,1.0,1.0,0.8676563764141016,-0.07229122939820387,0.2993375589763141,-0.2635607965769734,0.9733333333333334
OXY,0.7482456947920497,0.4006598217623687,0.22201719804133319,8.135904585925235e-05,1.0,1.0,0.7482456947920497,0.2321635730858469,0.2993375589763141,0.006687647184943746,0.9733333333333334
PAYX,0.8997069827926072,0.5963533416600875,0.16180587509881178,8.135904585925235e-05,1.0,1.0,0.8997069827926072,0.13026409707351894,0.2993375589763141,-0.10954875292563138,0.9733333333333334
PBCT,0.9606955832648466,0.5873813011563476,0.1810170688316038,8.135904585925235e-05,1.0,1.0,0.9606955832648466,0.313601127554616,0.2993375589763141,0.020215453012465634,0.9733333333333334
PCAR,1.2575625348388193,0.6288892823807471,0.2253294118049222,8.135904585925235e-05,1.0,1.0,1.2575625348388193,0.14012511170688113,0.2993375589763141,-0.17168298368619728,0.9733333333333334
PCG,0.4094755853419729,0.2119819568617717,0.19087441528150023,8.135904585925235e-05,1.0,1.0,0.4094755853419729,-0.295609756097561,0.2993375589763141,-0.3725207768636869,0.9733333333333334
PEG,0.4491759358688869,0.30280474515230005,0.17074583646480396,8.135904585925235e-05,1.0,1.0,0.4491759358688869,0.18760157882516837,0.2993375589763141,0.046847464148837226,0.9733333333333334
PEP,0.5191317336156153,0.46018454043365004,0.1275300208245531,8.135904585925235e-05,1.0,1.0,0.5191317336156153,-0.06028163580246915,0.2993375589763141,-0.18666961938422366,0.9733333333333334
PFE,0.8189562058203892,0.5749490180681334,0.1631051765322723,8.135904585925235e-05,1.0,1.0,0.8189562058203892,0.03801169590643272,0.2993375589763141,-0.1663523232411085,0.9733333333333334
PFG,1.2021809079841574,0.690728000313974,0.2241209200669721,8.135904585925235e-05,1.0,1.0,1.2021809079841574,0.33491632745364086,0.2993375589763141,-0.01834130685184565,0.9733333333333334
PG,0.518424178786027,0.4293171573969477,0.13414169748949603,8.135904585925235e-05,1.0,1.0,0.518424178786027,-0.09408568959130748,0.2993375589763141,-0.21578342052583088,0.9733333333333334
PGR,0.7205580099834391,0.4874812334049202,0.15726896094211235,8.135904585925235e-05,1.0,1.0,0.7205580099834391,0.99776,0.2993375589763141,0.6433135712406883,0.9733333333333334
PH,1.3014685054403492,0.6780867848082949,0.20651509882289182,8.135904585925235e-05,1.0,1.0,1.3014685054403492,0.5875260629136072,0.2993375589763141,0.14245159296274368,0.9733333333333334
PHM,1.0069135795407769,0.49784394772852725,0.2483797334647672,8.135904585925235e-05,1.0,1.0,1.0069135795407769,0.5181774115365974,0.2993375589763141,0.16656614703069783,0.9733333333333334
PKG,1.1081201747711364,0.5861488421212155,0.2333193105012094,8.135904585925235e-05,1.0,1.0,1.1081201747711364,0.6315053161723558,0.2993375589763141,0.22512794203776942,0.9733333333333334
PKI,1.0990512414822144,0.6685305638995966,0.19222149004212064,8.135904585925235e-05,1.0,1.0,1.0990512414822144,0.34083658277206674,0.2993375589763141,0.008916012076176205,0.9733333333333334
PLD,0.8367033865087707,0.4811599806206526,0.18795330688435738,8.135904585925235e-05,1.0,1.0,0.8367033865087707,0.26559473072452544,0.2993375589763141,0.012105961624175432,0.9733333333333334
PM,0.6059621158593425,0.39115374913683276,0.16359192747206344,8.135904585925235e-05,1.0,1.0,0.6059621158593425,-0.1317365269461077,0.2993375589763141,-0.26504751539657856,0.9733333333333334
PNC,1.1134147924477489,0.6233086097810135,0.19478495574810922,8.135904585925235e-05,1.0,1.0,1.1134147924477489,0.8949416342412451,0.2993375589763141,0.42125575704870966,0.9733333333333334
PNR,1.1234131015204833,0.6135663036955129,0.2272091035909368,8.135904585925235e-05,1.0,1.0,1.1234131015204833,0.10105989647522806,0.2993375589763141,-0.17602589697465332,0.9733333333333334
PNW,0.3806248917311671,0.28036463590452193,0.15603989277053912,8.135904585925235e-05,1.0,1.0,0.3806248917311671,0.04943578721117681,0.2993375589763141,-0.05790240892909715,0.9733333333333334
PRGO,1.0829755213488397,0.3769950900646134,0.31706323564180106,8.135904585925235e-05,1.0,1.0,1.0829755213488397,-0.1385709523280364,0.2993375589763141,-0.3494599386841527,0.9733333333333334
PRU,1.2953090094035313,0.6604153999300767,0.23530335456446327,8.135904585925235e-05,1.0,1.0,1.2953090094035313,0.39848781853822457,0.2993375589763141,0.0077487303816456965,0.9733333333333334
PSA,0.4409377430590843,0.2695081945938159,0.17953621147380106,8.135904585925235e-05,1.0,1.0,0.4409377430590843,-0.05463968190144308,0.2993375589763141,-0.16486809680492687,0.9733333333333334
PSX,0.8781776656276803,0.5469909183121162,0.21500520998909733,8.135904585925235e-05,1.0,1.0,0.8781776656276803,0.6371472264701792,0.2993375589763141,0.2963687519071825,0.9733333333333334
PVH,0.9067931570501806,0.39974343426025133,0.27276521259015396,8.135904585925235e-05,1.0,1.0,0.9067931570501806,0.5194405871850825,0.2993375589763141,0.19505747297581721,0.9733333333333334
PWR,1.2801087051384392,0.5849649984838643,0.2589779015121747,8.135904585925235e-05,1.0,1.0,1.2801087051384392,0.42109375000000004,0.2993375589763141,0.027407140426419785,0.9733333333333334
PX,1.1256187655340777,0.6882412241992755,0.17044265791655905,8.135904585925235e-05,1.0,1.0,1.1256187655340777,0.41830124167716387,0.2993375589763141,0.06085633586405015,0.9733333333333334
PXD,1.0856959819869707,0.41136912656721764,0.3206731554523566,8.135904585925235e-05,1.0,1.0,1.0856959819869707,0.24565619223659874,0.2993375589763141,-0.059874729354552514,0.9733333333333334
QCOM,1.2565177768796973,0.522244086143077,0.26636121036407,8.135904585925235e-05,1.0,1.0,1.2565177768796973,-0.059754851889683436,0.2993375589763141,-0.316743363339712,0.9733333333333334
QRVO,1.3438128413945643,0.452680147339708,0.39111239111645424,8.135904585925235e-05,1.0,1.0,1.3438128413945643,0.29115925984501034,0.2993375589763141,-0.07922560613076224,0.9733333333333334
RCL,1.0312183124014551,0.44484658773713104,0.2835236208343918,8.135904585925235e-05,1.0,1.0,1.0312183124014551,0.5397670070473177,0.2993375589763141,0.1765780906917529,0.9733333333333334
RE,0.5640446883629149,0.30788460151270897,0.17412094565788838,8.135904585925235e-05,1.0,1.0,0.5640446883629149,0.2549612445714913,0.2993375589763141,0.07368117285041187,0.9733333333333334
REG,0.5091166434911076,0.2960367970293719,0.18129160588458879,8.135904585925235e-05,1.0,1.0,0.5091166434911076,-0.2714943386835885,0.2993375589763141,-0.36783487135794457,0.9733333333333334
REGN,0.9672764008908796,0.3526982014339517,0.3171780104133872,8.135904585925235e-05,1.0,1.0,0.9672764008908796,-0.27799209634926614,0.2993375589763141,-0.44010523432636983,0.9733333333333334
RF,1.270404746584579,0.5531245845323982,0.2637100305139809,8.135904585925235e-05,1.0,1.0,1.270404746584579,1.1855203619909505,0.2993375589763141,0.583389305349387,0.9733333333333334
RHI,1.1874300500092407,0.5650124549537344,0.23983530714127813,8.135904585925235e-05,1.0,1.0,1.1874300500092407,0.7904734902183157,0.2993375589763141,0.3209513539944242,0.9733333333333334
RHT,1.1278037562779375,0.5447297994521747,0.22694600600871107,8.135904585925235e-05,1.0,1.0,1.1278037562779375,1.2907424624784167,0.2993375589763141,0.7125842538089231,0.9733333333333334
RJF,1.4297048802194596,0.6907038143741384,0.23527584302085414,8.135904585925235e-05,1.0,1.0,1.4297048802194596,0.743399033097806,0.2993375589763141,0.22089813378121215,0.9733333333333334
RL,0.9572837390370907,0.3810344591797962,0.2939845931426672,8.135904585925235e-05,1.0,1.0,0.9572837390370907,0.15525646460364562,0.2993375589763141,-0.10205154351758727,0.9733333333333334
RMD,1.0028021094089663,0.5158963407060884,0.22559779137202077,8.135904585925235e-05,1.0,1.0,1.0028021094089663,0.5355314664257753,0.2993375589763141,0.18101785459462283,0.9733333333333334
ROK,1.3584509170071462,0.690823413725379,0.21074703613699783,8.135904585925235e-05,1.0,1.0,1.3584509170071462,0.6197195921340131,0.2993375589763141,0.1514850354630235,0.9733333333333334
ROP,1.0740881196939316,0.7326196236101552,0.17191152533597828,8.135904585925235e-05,1.0,1.0,1.0740881196939316,0.6587320432150066,0.2993375589763141,0.25517466605148353,0.9733333333333334
ROST,0.880298504184955,0.4410808575974386,0.2229360576020416,8.135904585925235e-05,1.0,1.0,0.880298504184955,0.3476973684210527,0.2993375589763141,0.06663279477423245,0.9733333333333334
RRC,1.2634383464453842,0.338758351631945,0.46492168273429557,8.135904585925235e-05,1.0,1.0,1.2634383464453842,-0.643285072391413,0.2993375589763141,-0.7411722985928988,0.9733333333333334
RTN,0.7326793502542407,0.5093026103717918,0.16377495886804472,8.135904585925235e-05,1.0,1.0,0.7326793502542407,0.5842779877009707,0.2993375589763141,0.299314375188086,0.9733333333333334
SBAC,0.6004669983775262,0.3127565111966446,0.21970570161517466,8.135904585925235e-05,1.0,1.0,0.6004669983775262,0.39217391304347826,0.2993375589763141,0.1800660897760451,0.9733333333333334
SBUX,0.6964968618702388,0.4733186131379873,0.18393917530542134,8.135904585925235e-05,1.0,1.0,0.6964968618702388,0.02395851957804407,0.2993375589763141,-0.15269427682084935,0.9733333333333334
SCG,0.46906032476753,0.1937474400803309,0.2287542129933981,8.135904585925235e-05,1.0,1.0,0.46906032476753,-0.49368723098995704,0.2993375589763141,-0.5560246442084711,0.9733333333333334
SCHW,1.463561262050952,0.6516338019413702,0.2686954788543259,8.135904585925235e-05,1.0,1.0,1.463561262050952,1.1296561604584525,0.2993375589763141,0.48088300896246916,0.9733333333333334
SEE,0.8682091570829209,0.5247893547153187,0.215826002333277,8.135904585925235e-05,1.0,1.0,0.8682091570829209,-0.0360634368889855,0.2993375589763141,-0.2349027360519541,0.9733333333333334
SHW,1.006736160334932,0.5860453843603965,0.19631774704023588,8.135904585925235e-05,1.0,1.0,1.006736160334932,0.29481516716499034,0.2993375589763141,-0.005024595828940215,0.9733333333333334
SIVB,1.6403604371794571,0.5644067909827499,0.33188088584687186,8.135904585925235e-05,1.0,1.0,1.6403604371794571,2.1967735510854407,0.2993375589763141,1.1440157465476006,0.9733333333333334
SJM,0.6134177336684521,0.33836435974786605,0.18658371002271493,8.135904585925235e-05,1.0,1.0,0.6134177336684521,-0.2297417024466707,0.2993375589763141,-0.34923457716574946,0.9733333333333334
SLB,0.8883043661702454,0.4825395080990108,0.22177708487455877,8.135904585925235e-05,1.0,1.0,0.8883043661702454,-0.07363482340675098,0.2993375589763141,-0.26821780293941355,0.9733333333333334
SLG,0.7564806986612971,0.448176282710933,0.1963976553014468,8.135904585925235e-05,1.0,1.0,0.7564806986612971,-0.10450966356478175,0.2993375589763141,-0.2698476212716986,0.9733333333333334
SNA,0.9231403833022701,0.501809984606172,0.19214375600423916,8.135904585925235e-05,1.0,1.0,0.9231403833022701,-0.02160635712878456,0.2993375589763141,-0.23343242624050886,0.9733333333333334
SNPS,0.9546227752293097,0.6064148717181306,0.17205427052408429,8.135904585925235e-05,1.0,1.0,0.9546227752293097,0.680576070901034,0.2993375589763141,0.30707388897432186,0.9733333333333334
SO,0.23004632426197424,0.17819987222408287,0.14319819863978614,8.135904585925235e-05,1.0,1.0,0.23004632426197424,-0.08845607628322172,0.2993375589763141,-0.14718238114142446,0.9733333333333334
SPG,0.5168789194788779,0.2850595581456753,0.18553780976637974,8.135904585925235e-05,1.0,1.0,0.5168789194788779,-0.2424429072301716,0.2993375589763141,-0.3439480939696119,0.9733333333333334
SPGI,1.0822152396919407,0.689715315196253,0.20013366042151373,8.135904585925235e-05,1.0,1.0,1.0822152396919407,0.6695049670256281,0.2993375589763141,0.2610052551213733,0.9733333333333334
SRCL,0.7719368426344275,0.35335931163238266,0.26116463587940913,8.135904585925235e-05,1.0,1.0,0.7719368426344275,-0.2882463719951257,0.2993375589763141,-0.42184131922419177,0.9733333333333334
SRE,0.35141617223759053,0.23594370598855127,0.1661353245099035,8.135904585925235e-05,1.0,1.0,0.35141617223759053,0.008381203503154744,0.2993375589763141,-0.08759640903578725,0.9733333333333334
STI,1.2540504210648524,0.634394927101717,0.23101025416181056,8.135904585925235e-05,1.0,1.0,1.2540504210648524,0.7033210332103321,0.2993375589763141,0.23843271980755398,0.9733333333333334
STT,1.277398190378172,0.6765566520358339,0.23278120833571417,8.135904585925235e-05,1.0,1.0,1.277398190378172,0.6016643115088713,0.2993375589763141,0.1586337513294176,0.9733333333333334
STX,1.3978765886025555,0.4311572824074989,0.3961249849732267,8.135904585925235e-05,1.0,1.0,1.3978765886025555,0.9697811740187565,0.2993375589763141,0.3886984205408115,0.9733333333333334
STZ,0.6338096951602207,0.3649221301952911,0.18891827758696064,8.135904585925235e-05,1.0,1.0,0.6338096951602207,0.3666997641802161,0.2993375589763141,0.14875455058300013,0.9733333333333334
SWK,1.0351882031039326,0.6633979939045266,0.17737306064862923,8.135904585925235e-05,1.0,1.0,1.0351882031039326,0.21748707955604507,0.2993375589763141,-0.07052881597481875,0.9733333333333334
SWKS,1.5123040496833913,0.5778239252627878,0.3277118879882345,8.135904585925235e-05,1.0,1.0,1.5123040496833913,0.5033317836665117,0.2993375589763141,0.03486112097429972,0.9733333333333334
SYF,1.3383332288872802,0.5953935375124086,0.24511658798761288,8.135904585925235e-05,1.0,1.0,1.3383332288872802,0.2675585284280937,0.2993375589763141,-0.09499757265629272,0.9733333333333334
SYK,0.9886498471157724,0.6190044616919301,0.1695428662126747,8.135904585925235e-05,1.0,1.0,0.9886498471157724,0.48993406593406585,0.2993375589763141,0.1496936812184284,0.9733333333333334
SYMC,0.9706364575691493,0.45656405970740155,0.22815257431479372,8.135904585925235e-05,1.0,1.0,0.9706364575691493,-0.02057200200702458,0.2993375589763141,-0.24107585493787387,0.9711111111111111
SYY,0.7915167617888337,0.5107624658229473,0.16292961000296144,8.135904585925235e-05,1.0,1.0,0.7915167617888337,0.27449786975045654,0.2993375589763141,0.030371284768492712,0.9733333333333334
T,0.710001447920995,0.4506439880400746,0.15410947318312823,8.135904585925235e-05,1.0,1.0,0.710001447920995,-0.18521322230633364,0.2993375589763141,-0.32802758669778187,0.9733333333333334
TAP,0.7801975549864038,0.4457253798952635,0.21569920071459575,8.135904585925235e-05,1.0,1.0,0.7801975549864038,-0.3864807517429524,0.2993375589763141,-0.5026362834986693,0.9733333333333334
TDG,0.9105627592857011,0.4557972426527911,0.2189537109881241,8.135904585925235e-05,1.0,1.0,0.9105627592857011,0.4184228416043505,0.2993375589763141,0.11461664851471176,0.9733333333333334
TEL,1.1921868457609999,0.7408380277101128,0.18659342590353906,8.135904585925235e-05,1.0,1.0,1.1921868457609999,0.6245276537272415,0.2993375589763141,0.19726435347639848,0.9733333333333334
TGT,0.7244490749842749,0.2960240196464922,0.22925768945644043,8.135904585925235e-05,1.0,1.0,0.7244490749842749,-0.00368742022408175,0.2993375589763141,-0.18123956508455485,0.9733333333333334
TIF,0.8624959844735186,0.42040738960625823,0.23413356461945306,8.135904585925235e-05,1.0,1.0,0.8624959844735186,0.6704234422798261,0.2993375589763141,0.32765330683601235,0.9733333333333334
TJX,0.7005836740651479,0.4263991340006627,0.18381447213697327,8.135904585925235e-05,1.0,1.0,0.7005836740651479,0.05721830985915499,0.2993375589763141,-0.1260571294550965,0.9733333333333334
TMK,0.9453383341214876,0.7168203806121776,0.15672289601051473,8.135904585925235e-05,1.0,1.0,0.9453383341214876,0.40380827314510825,0.2993375589763141,0.09418186514565963,0.9733333333333334
TPR,0.8685386034803969,0.37235257381270703,0.2603293719285905,8.135904585925235e-05,1.0,1.0,0.8685386034803969,0.13064833005893917,0.2993375589763141,-0.10265024551213242,0.9733333333333334
TRIP,1.0212011821017433,0.2700078955722975,0.4040944674645282,8.135904585925235e-05,1.0,1.0,1.0212011821017433,-0.2998427897670429,0.2993375589763141,-0.4637620737939575,0.9733333333333334
TROW,1.209977658783872,0.6531136361504697,0.19409650252806337,8.135904585925235e-05,1.0,1.0,1.209977658783872,0.7563512108156292,0.2993375589763141,0.2893568027218911,0.9733333333333334
TRV,0.7632202118093587,0.5413222327254514,0.15595655400884115,8.135904585925235e-05,1.0,1.0,0.7632202118093587,0.17470688266356382,0.2993375589763141,-0.043756875851981625,0.9733333333333334
TSCO,0.8585337977183531,0.3559442487679782,0.23982128901672317,8.135904585925235e-05,1.0,1.0,0.8585337977183531,-0.21889375070122286,0.2993375589763141,-0.3785906233948133,0.9733333333333334
TSN,0.7358836988250081,0.36678990976916187,0.2285948118312498,8.135904585925235e-05,1.0,1.0,0.7358836988250081,-0.04785156250000011,0.2993375589763141,-0.2197280241673224,0.9733333333333334
TSS,0.9402312059419924,0.5452892965495496,0.20913563518727177,8.135904585925235e-05,1.0,1.0,0.9402312059419924,0.7567137457728266,0.2993375589763141,0.3708833934917781,0.9733333333333334
TTWO,1.4706878072421297,0.5107654680527746,0.28277308723771666,8.135904585925235e-05,1.0,1.0,1.4706878072421297,1.8892483822797415,0.2993375589763141,1.006099145976767,0.9733333333333334
TWX,0.4320765089884336,0.3352170895084592,0.1806903050516777,8.135904585925235e-05,1.0,1.0,0.4320765089884336,0.2663336933045357,0.2993375589763141,0.12130745638390561,0.9733333333333334
TXN,1.3357461716533305,0.7135758831098332,0.21348495691103514,8.135904585925235e-05,1.0,1.0,1.3357461716533305,0.6364589574595565,0.2993375589763141,0.1690336955103311,0.9733333333333334
TXT,1.0781537203103932,0.5828517520980872,0.21504813485402516,8.135904585925235e-05,1.0,1.0,1.0781537203103932,0.6921296296296298,0.2993375589763141,0.27926878152545975,0.9733333333333334
UAA,1.2748680801552148,0.3227096463159658,0.38521318585344794,8.135904585925235e-05,1.0,1.0,1.2748680801552148,-0.5245818550430816,0.2993375589763141,-0.6558970222794034,0.9733333333333334
UAL,1.1712518799475131,0.4174608703969819,0.3256985639735498,8.135904585925235e-05,1.0,1.0,1.1712518799475131,0.42716997227553843,0.2993375589763141,0.0566935523484684,0.9733333333333334
UHS,0.7066182429683758,0.33080109511112094,0.2505730226186001,8.135904585925235e-05,1.0,1.0,0.7066182429683758,-0.08069902912621363,0.2993375589763141,-0.24119869341844424,0.9733333333333334
ULTA,0.7739210399506853,0.29984746754293157,0.26342605539612235,8.135904585925235e-05,1.0,1.0,0.7739210399506853,-0.042915661728111454,0.2993375589763141,-0.22293367188753888,0.9733333333333334
UNH,0.9211588922622076,0.5518216001457158,0.19309384118280337,8.135904585925235e-05,1.0,1.0,0.9211588922622076,0.709325681492109,0.2993375589763141,0.33987261705946015,0.9733333333333334
UNM,1.150969780826701,0.6033030163926907,0.22450670708564013,8.135904585925235e-05,1.0,1.0,1.150969780826701,0.17310664605873272,0.2993375589763141,-0.12749587721400513,0.9733333333333334
UNP,1.1014489360370963,0.5848107781004587,0.21549418525591274,8.135904585925235e-05,1.0,1.0,1.1014489360370963,0.5918595549591861,0.2993375589763141,0.19715238495816045,0.9733333333333334
UPS,0.8424937025695316,0.5510322028174378,0.15714601427061886,8.135904585925235e-05,1.0,1.0,0.8424937025695316,0.12601189895640297,0.2993375589763141,-0.10076594492788682,0.9733333333333334
URI,1.670607867115947,0.5631555327356631,0.36538942554283155,8.135904585925235e-05,1.0,1.0,1.670607867115947,1.0947659093761763,0.2993375589763141,0.39644015030681357,0.9733333333333334
USB,0.9976977029517786,0.684907739916068,0.175245222484356,8.135904585925235e-05,1.0,1.0,0.9976977029517786,0.2709772951628824,0.2993375589763141,-0.02130761485677135,0.9733333333333334
UTX,0.8934533940897194,0.6244845141039009,0.16304910303415787,8.135904585925235e-05,1.0,1.0,0.8934533940897194,0.20491723937663342,0.2993375589763141,-0.04933307575908252,0.9733333333333334
V,1.1169116664753513,0.73429071247949,0.1841262527108464,8.135904585925235e-05,1.0,1.0,1.1169116664753513,0.7103931490852473,0.2993375589763141,0.28183321915515047,0.9733333333333334
VAR,0.8619320530159567,0.4915623108618302,0.1917319420323691,8.135904585925235e-05,1.0,1.0,0.8619320530159567,0.4263360616273473,0.2993375589763141,0.13380466552959414,0.9733333333333334
VFC,0.714487251851826,0.37607996594133175,0.2147807152993664,8.135904585925235e-05,1.0,1.0,0.714487251851826,0.31967490687436495,0.2993375589763141,0.08716072301296052,0.9733333333333334
VIAB,0.6140732261590376,0.2099602003495924,0.3349322616662611,8.135904585925235e-05,1.0,1.0,0.6140732261590376,-0.30719853278312703,0.2993375589763141,-0.4147722730719494,0.9733333333333334
VLO,1.007667861898551,0.5034118476133792,0.26034728846599364,8.135904585925235e-05,1.0,1.0,1.007667861898551,1.3499384993849937,0.2993375589763141,0.8053773926941383,0.9733333333333334
VMC,1.0666820769974612,0.4442981572396206,0.25176923949334784,8.135904585925235e-05,1.0,1.0,1.0666820769974612,0.041625776905462875,0.2993375589763141,-0.21046968183434644,0.9733333333333334
VNO,0.628583555632656,0.39499807871174986,0.17664099411429257,8.135904585925235e-05,1.0,1.0,0.628583555632656,-0.13764633394947634,0.2993375589763141,-0.2742100109281992,0.9733333333333334
VRSK,0.7875751209941703,0.554301815429022,0.17481737221889035,8.135904585925235e-05,1.0,1.0,0.7875751209941703,0.2415572232645402,0.2993375589763141,0.004698689225054897,0.9733333333333334
VRSN,0.9815389048045977,0.5471885821430001,0.19752808531742416,8.135904585925235e-05,1.0,1.0,0.9815389048045977,0.45075626371088795,0.2993375589763141,0.12130423078035713,0.9733333333333334
VRTX,1.4870702583319415,0.4656886215554322,0.3621591030558213,8.135904585925235e-05,1.0,1.0,1.4870702583319415,0.6079381443298968,0.2993375589763141,0.11265525548978395,0.9733333333333334
VTR,0.3952789512876428,0.22239733760197916,0.2068961477445023,8.135904585925235e-05,1.0,1.0,0.3952789512876428,-0.23327124229832363,0.2993375589763141,-0.31439346639733945,0.9733333333333334
VZ,0.7150261104457681,0.4540221083426851,0.15673934805195164,8.135904585925235e-05,1.0,1.0,0.7150261104457681,-0.047040376323010724,0.2993375589763141,-0.21504711578220326,0.9733333333333334
WAT,1.0744314053744748,0.5948325754296623,0.1883870949507964,8.135904585925235e-05,1.0,1.0,1.0744314053744748,0.23651922229912548,0.2993375589763141,-0.06438961398307308,0.9733333333333334
WBA,0.8945486291581888,0.47818199638652203,0.2135743038932891,8.135904585925235e-05,1.0,1.0,0.8945486291581888,-0.16276943174395808,0.2993375589763141,-0.33960478205081035,0.9733333333333334
WDC,1.3962289243992927,0.46969518228383583,0.35481392782739607,8.135904585925235e-05,1.0,1.0,1.3962289243992927,0.7341549295774648,0.2993375589763141,0.22300685044184432,0.9733333333333334
WEC,0.3750586850222361,0.27544383564136604,0.15930465438608316,8.135904585925235e-05,1.0,1.0,0.3750586850222361,0.029269915183768536,0.2993375589763141,-0.07462153919361081,0.9733333333333334
WFC,1.1381114537252905,0.5987268644184564,0.19658495019035588,8.135904585925235e-05,1.0,1.0,1.1381114537252905,0.20251766784452307,0.2993375589763141,-0.10305359043905649,0.9733333333333334
WHR,0.9521920301051497,0.45273780906224886,0.24899692654447253,8.135904585925235e-05,1.0,1.0,0.9521920301051497,-0.15344116369952243,0.2993375589763141,-0.34121310832785057,0.9733333333333334
WLTW,0.8209526234500785,0.5562816873026387,0.16907699361243453,8.135904585925235e-05,1.0,1.0,0.8209526234500785,0.29012704475629003,0.2993375589763141,0.03562944176597349,0.9733333333333334
WM,0.7510118928834584,0.6369858193864131,0.13238345002427218,8.135904585925235e-05,1.0,1.0,0.7510118928834584,0.30620277078085634,0.2993375589763141,0.06645680994793746,0.9733333333333334
WMB,0.9904080779453721,0.4288258844683373,0.4789224656154393,8.135904585925235e-05,1.0,1.0,0.9904080779453721,0.21052631578947367,0.2993375589763141,-0.06628789212447295,0.9733333333333334
WMT,0.6562884315148556,0.39018149193698626,0.1849399549594826,8.135904585925235e-05,1.0,1.0,0.6562884315148556,0.20334824650021632,0.2993375589763141,0.0057641014525724454,0.9733333333333334
WU,0.9066441824976037,0.5196350137287147,0.20404318350406705,8.135904585925235e-05,1.0,1.0,0.9066441824976037,0.05632306057385761,0.2993375589763141,-0.16916064032944467,0.9733333333333334
WY,0.848379458151929,0.5059403643819154,0.19765473945809758,8.135904585925235e-05,1.0,1.0,0.848379458151929,0.1955599085863533,0.2993375589763141,-0.04656632401817051,0.9733333333333334
WYN,1.0741526949125493,0.5759088235491283,0.21790731902965763,8.135904585925235e-05,1.0,1.0,1.0741526949125493,0.6430357405500808,0.2993375589763141,0.24327897361891404,0.9733333333333334
WYNN,0.7839817416467576,0.25372203359229883,0.4114467690963418,8.135904585925235e-05,1.0,1.0,0.7839817416467576,1.0590402020627239,0.2993375589763141,0.6676776483709035,0.9733333333333334
XEC,1.004882019103729,0.4225263288538581,0.3219972351756792,8.135904585925235e-05,1.0,1.0,1.004882019103729,-0.17498325519089075,0.2993375589763141,-0.36576151366301435,0.9733333333333334
XEL,0.3269691275470526,0.24656248503440695,0.15148081445723205,8.135904585925235e-05,1.0,1.0,0.3269691275470526,0.08850408850408842,0.2993375589763141,-0.008534723290038904,0.9733333333333334
XL,0.3983383879144367,0.22531095516067456,0.19582927532594532,8.135904585925235e-05,1.0,1.0,0.3983383879144367,0.6475704859028193,0.2993375589763141,0.4720470666932377,0.9711111111111111
XLNX,1.264983985296742,0.5867045234128211,0.2291476732313285,8.135904585925235e-05,1.0,1.0,1.264983985296742,0.4096557343654512,0.2993375589763141,0.022484570965910278,0.9733333333333334
XOM,0.7996554227420233,0.5620652148901184,0.17623743990303842,8.135904585925235e-05,1.0,1.0,0.7996554227420233,-0.015146007512419679,0.2993375589763141,-0.20535719431662847,0.9733333333333334
XRAY,0.7416792480218345,0.4083983398305205,0.1937018524037593,8.135904585925235e-05,1.0,1.0,0.7416792480218345,-0.2588439671509791,0.2993375589763141,-0.3934955168218225,0.9733333333333334
XYL,1.0100535135273498,0.5857952220870626,0.18079539707202438,8.135904585925235e-05,1.0,1.0,1.0100535135273498,0.5721616420782552,0.2993375589763141,0.20717573627043295,0.9733333333333334
YUM,0.7930517618128042,0.5538369560746333,0.19836524409638326,8.135904585925235e-05,1.0,1.0,0.7930517618128042,0.35608974358974366,0.2993375589763141,0.09592735349534376,0.9733333333333334
ZBH,0.9869759151802612,0.5521551851875289,0.19286553939908782,8.135904585925235e-05,1.0,1.0,0.9869759151802612,-0.09917994739285152,0.2993375589763141,-0.30462176947353137,0.9733333333333334
ZION,1.257435812656676,0.5562882004237913,0.26131723355613096,8.135904585925235e-05,1.0,1.0,1.257435812656676,1.1129385964912282,0.2993375589763141,0.5351220755835755,0.9733333333333334
ZTS,0.9866089472306627,0.5893554462728966,0.2095824109257187,8.135904585925235e-05,1.0,1.0,0.9866089472306627,0.6940822467402206,0.2993375589763141,0.3078392421851335,0.9733333333333334
